"Response ID"	"Date submitted"	"Last page"	"Start language"	"Seed"	"Date started"	"Date last action"	"Team name"	"Please select the language pair for your run:"	"Which translation method did you use in your selected run?"	"Which translation method did you use in your selected run? [Other]"	"Which type of NMT did you use?"	"Which type of NMT did you use? [Comment]"	"Did you use a specific library or toolkit for your system?"	"Did you use a specific library or toolkit for your system? [Comment]"	"Was your translation model: [Trained from scratch]"	"Was your translation model: [Fine-tuned]"	"Did you use parallel in-domain training data?"	"Did you use parallel in-domain training data? [Comment]"	"What was the size of the in-domain parallel training corpus? Please enter the number of aligned parallel segments."	"Did you use open domain parallel training data?"	"Did you use open domain parallel training data? [Comment]"	"What was the size of the open domain parallel training corpus? Please enter the number of aligned parallel segments."	"Did you use monolingual in-domain training data?"	"Was the in-domain monolingual training data: [For the source language? Please supply details on the dataset including size in number of segments in the comment box.]"	"Was the in-domain monolingual training data: [Comment]"	"Was the in-domain monolingual training data: [For the target language? Please supply details on the dataset including size in number of segments in the comment box.]"	"Was the in-domain monolingual training data: [Comment]"	"Did you use open domain monolingual training data?"	"Was the open domain monolingual training dataset: [For the source language? Please supply details on the dataset including size in number of segments in the comment box.]"	"Was the open domain monolingual training dataset: [Comment]"	"Was the open domain monolingual training dataset: [For the target language? Please supply details on the dataset including size in number of segments in the comment box.]"	"Was the open domain monolingual training dataset: [Comment]"	"Did you use a validation data set?"	"Did you use a validation data set? [Other]"	"Did you use Back Translation?"	"Did you use pre-trained language models?"	"Did you use pre-trained language models? [Comment]"	"Total time"	"Group time: Run information"	"Question time: Q1"	"Question time: Q2"	"Group time: Translation Method"	"Question time: Q3"	"Question time: Q4"	"Question time: Q5"	"Question time: Q10"	"Group time: Training Data"	"Question time: Q6"	"Question time: Q7"	"Question time: Q8"	"Question time: Q9"	"Question time: Q11"	"Question time: Q13"	"Question time: Q12"	"Question time: Q14"	"Question time: Q17"	"Question time: Q15"	"Question time: Q16"
"2"	""	"1"	"en"	"1029153224"	"2020-07-10 09:07:26"	"2020-07-10 09:08:39"	"ABC"	"en2eu (English to Basque)"	""	""	""	""	""	""	"N/A"	"N/A"	""	""	""	""	""	""	""	"N/A"	""	"N/A"	""	""	"N/A"	""	"N/A"	""	""	""	""	""	""	"19.29"	"19.29"	""	""	""	""	""	""	""	""	""	""	""	""	""	""	""	""	""	""	""
"3"	""	"2"	"en"	"1050387596"	"2020-07-10 11:33:11"	"2020-07-10 11:34:17"	"UNICAM"	"en2de (English to German)"	"Neural Machine Translation (NMT)"	""	"transformer"	""	"Yes (Please enter details in the comment box, e.g. ""Marian NMT with sequence2sequence..."""	"Tensor2Tensor with transformer big"	"No"	"Yes"	""	""	""	""	""	""	""	"N/A"	""	"N/A"	""	""	"N/A"	""	"N/A"	""	""	""	""	""	""	"66.57"	"22.36"	""	""	"44.21"	""	""	""	""	""	""	""	""	""	""	""	""	""	""	""	""
"4"	""	"0"	"en"	"81939611"	"2020-07-10 11:37:11"	"2020-07-10 11:37:18"	""	""	""	""	""	""	""	""	"N/A"	"N/A"	""	""	""	""	""	""	""	"N/A"	""	"N/A"	""	""	"N/A"	""	"N/A"	""	""	""	""	""	""	"7.85"	"7.85"	""	""	""	""	""	""	""	""	""	""	""	""	""	""	""	""	""	""	""
"5"	"2020-07-10 11:51:20"	"3"	"en"	"390622062"	"2020-07-10 11:50:15"	"2020-07-10 11:51:20"	"UNICAM"	"en2de (English to German)"	"Neural Machine Translation (NMT)"	""	"transformer"	""	"Yes (Please enter details in the comment box, e.g. ""Marian NMT with sequence2sequence..."""	"Tensor2tensor"	"No"	"Yes"	"Yes (Please enter details in the comment box, e.g. ""MEDLINE corpus supplied by WMT biomedical task organizers"""	""	"50k"	"No"	""	""	"No"	"N/A"	""	"N/A"	""	"No"	"N/A"	""	"N/A"	""	"Other"	""	"No"	"No"	""	"68.49"	"11.44"	""	""	"31.4"	""	""	""	""	"25.65"	""	""	""	""	""	""	""	""	""	""	""
"6"	"2020-07-10 13:08:34"	"3"	"en"	"1041530252"	"2020-07-10 12:58:09"	"2020-07-10 13:08:34"	"UNICAM"	"en2de (English to German)"	"Neural Machine Translation (NMT)"	""	"transformer"	""	"Yes (Please enter details in the comment box, e.g. ""Marian NMT with sequence2sequence..."""	"Tensor2Tensor transformer"	"No"	"Yes"	"Yes (Please enter details in the comment box, e.g. ""MEDLINE corpus supplied by WMT biomedical task organizers"""	"For pre-training: UFAL medical and medline abstracts corpus supplied by organizers. For fine-tuning: medline abstracts corpus."	"2.2M for pre-training, 28K for finetuning"	"Yes (Please enter details in the comment box, e.g. ""Corpus supplied by the WMT 2020 News task organizers"""	"For pre-training, corpus supplied by the WMT 2018 news task organizers"	"17M "	"No"	"N/A"	""	"N/A"	""	"No"	"N/A"	""	"N/A"	""	"Other"	"Combined 'ok' aligned sentences from WMT biomedical 2019 en2de and de2en test sets"	"No"	"No"	""	"625.8"	"294.1"	""	""	"25.3"	""	""	""	""	"306.4"	""	""	""	""	""	""	""	""	""	""	""
"7"	"2020-07-10 13:11:01"	"3"	"en"	"173621338"	"2020-07-10 13:08:53"	"2020-07-10 13:11:01"	"UNICAM"	"de2en (German to English)"	"Neural Machine Translation (NMT)"	""	"transformer"	""	"Yes (Please enter details in the comment box, e.g. ""Marian NMT with sequence2sequence..."""	"Tensor2tensor with transformer"	"No"	"Yes"	"Yes (Please enter details in the comment box, e.g. ""MEDLINE corpus supplied by WMT biomedical task organizers"""	"For pre-training: UFAL medical and medline abstracts corpus supplied by organizers. For fine-tuning: medline abstracts corpus."	" For pre-training 2.2M, for fine-tuning 27K"	"Yes (Please enter details in the comment box, e.g. ""Corpus supplied by the WMT 2020 News task organizers"""	"For pre-training, corpus supplied by the WMT 2018 news task organizers
"	"17M "	"No"	"N/A"	""	"N/A"	""	"No"	"N/A"	""	"N/A"	""	"Other"	"Combined 'ok' aligned sentences from WMT biomedical 2019 en2de and de2en test sets"	"No"	"No"	""	"128.47"	"14.28"	""	""	"14.1"	""	""	""	""	"100.09"	""	""	""	""	""	""	""	""	""	""	""
"8"	"2020-07-10 13:28:11"	"3"	"en"	"1882224365"	"2020-07-10 13:25:41"	"2020-07-10 13:28:11"	"UNICAM"	"en2es (English to Spanish)"	"Neural Machine Translation (NMT)"	""	"transformer"	""	"Yes (Please enter details in the comment box, e.g. ""Marian NMT with sequence2sequence..."""	"Tensor2Tensor with transformer"	"No"	"Yes"	"Yes (Please enter details in the comment box, e.g. ""MEDLINE corpus supplied by WMT biomedical task organizers"""	"For pre-training: UFAL medical, Scielo, and medline abstracts corpus supplied by organizers. For fine-tuning: medline abstracts corpus.
"	" For pre-training 1.3M, for fine-tuning 67K"	"No"	""	""	"No"	"N/A"	""	"N/A"	""	"No"	"N/A"	""	"N/A"	""	"No"	""	"No"	"No"	""	"150.76"	"18.99"	""	""	"15.13"	""	""	""	""	"116.64"	""	""	""	""	""	""	""	""	""	""	""
"9"	"2020-07-10 13:30:20"	"3"	"en"	"824994808"	"2020-07-10 13:28:18"	"2020-07-10 13:30:20"	"UNICAM"	"es2en (Spanish to English)"	"Neural Machine Translation (NMT)"	""	"transformer"	""	"Yes (Please enter details in the comment box, e.g. ""Marian NMT with sequence2sequence..."""	"Tensor2Tensor with transformer"	"No"	"Yes"	"Yes (Please enter details in the comment box, e.g. ""MEDLINE corpus supplied by WMT biomedical task organizers"""	"For pre-training: UFAL medical, scielo and medline abstracts corpus supplied by organizers. For fine-tuning: medline abstracts corpus.
"	"For pre-training 1.3M, for fine-tuning 67K"	"No"	""	""	"No"	"N/A"	""	"N/A"	""	"No"	"N/A"	""	"N/A"	""	"Other"	"Combined 'ok' aligned sentences from WMT biomedical 2019 en2es and es2en test sets"	"No"	"No"	""	"123.44"	"18.22"	""	""	"12.46"	""	""	""	""	"92.76"	""	""	""	""	""	""	""	""	""	""	""
"10"	"2020-07-10 14:59:31"	"3"	"en"	"668104055"	"2020-07-10 14:54:18"	"2020-07-10 14:59:31"	"Sheffield"	"en2fr (English to French)"	"Neural Machine Translation (NMT)"	""	"transformer"	""	"Yes (Please enter details in the comment box, e.g. ""Marian NMT with sequence2sequence..."""	"TensorFlow Garden official implementation of the transformer architecture https://github.com/tensorflow/models"	"Yes"	"No"	"Yes (Please enter details in the comment box, e.g. ""MEDLINE corpus supplied by WMT biomedical task organizers"""	"MEDLINE corpus from the WMT biomedical task organizers as well as new crawled data. Prior training, the data was checked against the official test set to avoid including test data during training.
EMEA corpus was also used"	"3.42M"	"No"	""	""	"No"	"N/A"	""	"N/A"	""	"No"	"N/A"	""	"N/A"	""	"Yes, a split of the in-domain training dataset"	""	"No"	"No"	""	"315.82"	"13.35"	""	""	"86.87"	""	""	""	""	"215.6"	""	""	""	""	""	""	""	""	""	""	""
"11"	"2020-07-10 15:02:56"	"3"	"en"	"352159717"	"2020-07-10 14:59:42"	"2020-07-10 15:02:56"	"Sheffield"	"fr2en (French to English)"	"Neural Machine Translation (NMT)"	""	"transformer"	""	"Yes (Please enter details in the comment box, e.g. ""Marian NMT with sequence2sequence..."""	"Official Tensorflow implementation of the Transformer: https://github.com/tensorflow/models/tree/master/official/nlp/transformer
"	"Yes"	"No"	"Yes (Please enter details in the comment box, e.g. ""MEDLINE corpus supplied by WMT biomedical task organizers"""	"MEDLINE corpus supplied by WMT biomedical task organizers.
EMEA corpus
New crawled corpus from PubMed. Checked against the official test set to avoid including test data during training."	"3.42M"	"No"	""	""	"Yes"	"No"	""	"Yes"	"2M segments randomly chosen from MEDLINE used for backtranslation"	"No"	"N/A"	""	"N/A"	""	"Yes, a split of the in-domain training dataset"	""	"Yes"	"No"	""	"194.99"	"8.21"	""	""	"50.62"	""	""	""	""	"136.16"	""	""	""	""	""	""	""	""	""	""	""
"12"	"2020-07-10 15:04:48"	"3"	"en"	"68132502"	"2020-07-10 15:03:02"	"2020-07-10 15:04:48"	"Sheffield"	"en2it (English to Italian)"	"Neural Machine Translation (NMT)"	""	"transformer"	""	"Yes (Please enter details in the comment box, e.g. ""Marian NMT with sequence2sequence..."""	"Official Tensorflow implementation of the Transformer: https://github.com/tensorflow/models/tree/master/official/nlp/transformer"	"Yes"	"No"	"Yes (Please enter details in the comment box, e.g. ""MEDLINE corpus supplied by WMT biomedical task organizers"""	"MEDLINE corpus supplied by WMT biomedical task organizers.
EMEA corpus
New crawled corpus from PubMed. Checked against the official test set to avoid including test data during training."	"1.0M"	"No"	""	""	"No"	"N/A"	""	"N/A"	""	"No"	"N/A"	""	"N/A"	""	"Yes, a split of the in-domain training dataset"	""	"No"	"No"	""	"107.53"	"9.4"	""	""	"14.76"	""	""	""	""	"83.37"	""	""	""	""	""	""	""	""	""	""	""
"13"	"2020-07-10 15:06:09"	"3"	"en"	"614982275"	"2020-07-10 15:04:54"	"2020-07-10 15:06:09"	"Sheffield"	"it2en (Italian to English)"	"Neural Machine Translation (NMT)"	""	"transformer"	""	"Yes (Please enter details in the comment box, e.g. ""Marian NMT with sequence2sequence..."""	"Official Tensorflow implementation of the Transformer: https://github.com/tensorflow/models/tree/master/official/nlp/transformer"	"Yes"	"No"	"Yes (Please enter details in the comment box, e.g. ""MEDLINE corpus supplied by WMT biomedical task organizers"""	"MEDLINE corpus supplied by WMT biomedical task organizers.
EMEA corpus
New crawled corpus from PubMed. Checked against the official test set to avoid including test data during training."	"1M"	"No"	""	""	"Yes"	"No"	""	"Yes"	"1M segments randomly chosen from MEDLINE used for backtranslation"	"No"	"N/A"	""	"N/A"	""	"Yes, a split of the in-domain training dataset"	""	"Yes"	"No"	""	"77.05"	"11.77"	""	""	"20.38"	""	""	""	""	"44.9"	""	""	""	""	""	""	""	""	""	""	""
"14"	"2020-07-10 15:07:37"	"3"	"en"	"896581248"	"2020-07-10 15:06:16"	"2020-07-10 15:07:37"	"Sheffield"	"en2pt (English to Portuguese)"	"Neural Machine Translation (NMT)"	""	"transformer"	""	"Yes (Please enter details in the comment box, e.g. ""Marian NMT with sequence2sequence..."""	"Official Tensorflow implementation of the Transformer: https://github.com/tensorflow/models/tree/master/official/nlp/transformer"	"Yes"	"No"	"Yes (Please enter details in the comment box, e.g. ""MEDLINE corpus supplied by WMT biomedical task organizers"""	"MEDLINE corpus supplied by WMT biomedical task organizers.
EMEA corpus
New crawled corpus from PubMed. Checked against the official test set to avoid including test data during training.
New crawled corpus from BVS. Checked against the official test set to avoid including test data during training.
Full text Scielo Corpus from Soares et al."	"5.5M"	"No"	""	""	"No"	"N/A"	""	"N/A"	""	"No"	"N/A"	""	"N/A"	""	"Yes, a split of the in-domain training dataset"	""	"No"	"No"	""	"82.11"	"9.6"	""	""	"18.43"	""	""	""	""	"54.08"	""	""	""	""	""	""	""	""	""	""	""
"15"	"2020-07-10 15:08:58"	"3"	"en"	"758958881"	"2020-07-10 15:07:42"	"2020-07-10 15:08:58"	"Sheffield"	"pt2en (Portuguese to English)"	"Neural Machine Translation (NMT)"	""	"transformer"	""	"Yes (Please enter details in the comment box, e.g. ""Marian NMT with sequence2sequence..."""	"Official Tensorflow implementation of the Transformer: https://github.com/tensorflow/models/tree/master/official/nlp/transformer"	"Yes"	"No"	"Yes (Please enter details in the comment box, e.g. ""MEDLINE corpus supplied by WMT biomedical task organizers"""	"MEDLINE corpus supplied by WMT biomedical task organizers.
EMEA corpus
New crawled corpus from PubMed. Checked against the official test set to avoid including test data during training.
MEDLINE corpus supplied by WMT biomedical task organizers.
EMEA corpus
New crawled corpus from BVS. Checked against the official test set to avoid including test data during training.
Scielo Full-text from Soares et al."	"5.5M"	"No"	""	""	"Yes"	"No"	""	"Yes"	"2M segments randomly chosen from MEDLINE used for backtranslation"	"No"	"N/A"	""	"N/A"	""	"Yes, a split of the in-domain training dataset"	""	"Yes"	"No"	""	"77.98"	"8.95"	""	""	"13.42"	""	""	""	""	"55.61"	""	""	""	""	""	""	""	""	""	""	""
"16"	"2020-07-10 15:10:09"	"3"	"en"	"148187353"	"2020-07-10 15:09:05"	"2020-07-10 15:10:09"	"Sheffield"	"en2es (English to Spanish)"	"Neural Machine Translation (NMT)"	""	"transformer"	""	"Yes (Please enter details in the comment box, e.g. ""Marian NMT with sequence2sequence..."""	"Official Tensorflow implementation of the Transformer: https://github.com/tensorflow/models/tree/master/official/nlp/transformer"	"Yes"	"No"	"Yes (Please enter details in the comment box, e.g. ""MEDLINE corpus supplied by WMT biomedical task organizers"""	"MEDLINE corpus supplied by WMT biomedical task organizers.
EMEA corpus
New crawled corpus from PubMed. Checked against the official test set to avoid including test data during training.
MEDLINE corpus supplied by WMT biomedical task organizers.
EMEA corpus
New crawled corpus from BVS. Checked against the official test set to avoid including test data during training.
Scielo Full-text from Soares et al."	"2.5M"	"No"	""	""	"No"	"N/A"	""	"N/A"	""	"No"	"N/A"	""	"N/A"	""	"Yes, a split of the in-domain training dataset"	""	"No"	"No"	""	"65.33"	"6.15"	""	""	"12.63"	""	""	""	""	"46.55"	""	""	""	""	""	""	""	""	""	""	""
"17"	"2020-07-10 15:16:14"	"3"	"en"	"2088571385"	"2020-07-10 15:10:16"	"2020-07-10 15:16:14"	"Sheffield - IF DUPLICATE LANGUAGE PAIR, PLEASE CONSIDER THIS ONE"	"en2ru (Russian to English)"	"Neural Machine Translation (NMT)"	""	"transformer"	""	"Yes (Please enter details in the comment box, e.g. ""Marian NMT with sequence2sequence..."""	"Official Tensorflow implementation of the Transformer: https://github.com/tensorflow/models/tree/master/official/nlp/transformer"	"Yes"	"Yes"	"Yes (Please enter details in the comment box, e.g. ""MEDLINE corpus supplied by WMT biomedical task organizers"""	"MEDLINE corpus supplied by WMT biomedical task organizers.
New crawled corpus from PubMed. Checked against the official test set to avoid including test data during training."	"15k sentences"	"Yes (Please enter details in the comment box, e.g. ""Corpus supplied by the WMT 2020 News task organizers"""	"Corpus of Patents from Soares et al. https://www.aclweb.org/anthology/2020.lrec-1.465/"	"4.3M"	"No"	"N/A"	""	"N/A"	""	"No"	"N/A"	""	"N/A"	""	"Yes, a split of the in-domain training dataset"	""	"No"	"No"	""	"359.63"	"227.58"	""	""	"18.71"	""	""	""	""	"113.34"	""	""	""	""	""	""	""	""	""	""	""
"18"	"2020-07-10 15:18:10"	"3"	"en"	"2127839830"	"2020-07-10 15:16:22"	"2020-07-10 15:18:10"	"Sheffield"	"ru2en (Russian to English)"	"Neural Machine Translation (NMT)"	""	"transformer"	""	"Yes (Please enter details in the comment box, e.g. ""Marian NMT with sequence2sequence..."""	"Official Tensorflow implementation of the Transformer: https://github.com/tensorflow/models/tree/master/official/nlp/transformer"	"Yes"	"Yes"	"Yes (Please enter details in the comment box, e.g. ""MEDLINE corpus supplied by WMT biomedical task organizers"""	"MEDLINE corpus supplied by WMT biomedical task organizers.
New crawled corpus from PubMed. Checked against the official test set to avoid including test data during training."	"15k sentences"	"Yes (Please enter details in the comment box, e.g. ""Corpus supplied by the WMT 2020 News task organizers"""	"Corpus of Patents from Soares et al. https://www.aclweb.org/anthology/2020.lrec-1.465/
"	"4.3M"	"Yes"	"No"	""	"Yes"	"100k segments randomly chosen from MEDLINE used for backtranslation"	"No"	"N/A"	""	"N/A"	""	"Yes, a split of the in-domain training dataset"	""	"Yes"	"No"	""	"109.69"	"9.68"	""	""	"13.13"	""	""	""	""	"86.88"	""	""	""	""	""	""	""	""	""	""	""
"19"	"2020-07-10 15:19:16"	"3"	"en"	"849519591"	"2020-07-10 15:18:16"	"2020-07-10 15:19:16"	"Sheffield"	"en2es (English to Spanish)"	"Neural Machine Translation (NMT)"	""	"transformer"	""	"Yes (Please enter details in the comment box, e.g. ""Marian NMT with sequence2sequence..."""	"Official Tensorflow implementation of the Transformer: https://github.com/tensorflow/models/tree/master/official/nlp/transformer"	"Yes"	"No"	"Yes (Please enter details in the comment box, e.g. ""MEDLINE corpus supplied by WMT biomedical task organizers"""	"MEDLINE corpus supplied by WMT biomedical task organizers.
EMEA corpus
New crawled corpus from PubMed. Checked against the official test set to avoid including test data during training.
MEDLINE corpus supplied by WMT biomedical task organizers.
EMEA corpus
New crawled corpus from BVS. Checked against the official test set to avoid including test data during training.
MEDLINE corpus supplied by WMT biomedical task organizers.
EMEA corpus
Scielo Full-text corpus from Soares et al."	"2.5M"	"No"	""	""	"No"	"N/A"	""	"N/A"	""	"No"	"N/A"	""	"N/A"	""	"Yes, a split of the in-domain training dataset"	""	"Yes"	"No"	""	"61.5"	"7.1"	""	""	"11.69"	""	""	""	""	"42.71"	""	""	""	""	""	""	""	""	""	""	""
"20"	"2020-07-10 15:20:28"	"3"	"en"	"1022780666"	"2020-07-10 15:19:22"	"2020-07-10 15:20:28"	"Sheffield"	"es2en (Spanish to English)"	"Neural Machine Translation (NMT)"	""	"transformer"	""	"Yes (Please enter details in the comment box, e.g. ""Marian NMT with sequence2sequence..."""	"Official Tensorflow implementation of the Transformer: https://github.com/tensorflow/models/tree/master/official/nlp/transformer"	"Yes"	"No"	"Yes (Please enter details in the comment box, e.g. ""MEDLINE corpus supplied by WMT biomedical task organizers"""	"MEDLINE corpus supplied by WMT biomedical task organizers.
EMEA corpus
New crawled corpus from PubMed. Checked against the official test set to avoid including test data during training.
New crawled corpus from BVS. Checked against the official test set to avoid including test data during training.
Scielo full-text corpus from Soares et al."	"2.5M"	"No"	""	""	"Yes"	"No"	""	"Yes"	"2M segments randomly chosen from MEDLINE used for backtranslation"	"No"	"N/A"	""	"N/A"	""	"Yes, a split of the in-domain training dataset"	""	"Yes"	"No"	""	"67.18"	"5.61"	""	""	"11"	""	""	""	""	"50.57"	""	""	""	""	""	""	""	""	""	""	""
"21"	"2020-07-13 04:55:58"	"3"	"en"	"1223465757"	"2020-07-13 04:49:32"	"2020-07-13 04:55:58"	"TMT"	"de2en (German to English)"	"Neural Machine Translation (NMT)"	""	"transformer"	""	"Yes (Please enter details in the comment box, e.g. ""Marian NMT with sequence2sequence..."""	"Fairseq"	"Yes"	"No"	"Yes (Please enter details in the comment box, e.g. ""MEDLINE corpus supplied by WMT biomedical task organizers"""	"MEDLINE corpus ，UFAL Medical Corpus supplied by WMT biomedical task organizers"	"2.5M Sentence Pairs"	"Yes (Please enter details in the comment box, e.g. ""Corpus supplied by the WMT 2020 News task organizers"""	"Corpus supplied by the WMT 2020 News task organizers"	"37.8M Sentence Pairs"	"Yes"	"No"	""	"Yes"	" Biomedical Translation and UFALMedical Corpus；5.4M Sentence Pairs"	"No"	"N/A"	""	"N/A"	""	"Yes, a split of the in-domain training dataset"	""	"Yes"	"No"	""	"385.63"	"17.24"	""	""	"41.18"	""	""	""	""	"327.21"	""	""	""	""	""	""	""	""	""	""	""
"22"	"2020-07-13 05:00:03"	"3"	"en"	"1679397780"	"2020-07-13 04:56:04"	"2020-07-13 05:00:03"	"TMT"	"en2de (English to German)"	"Neural Machine Translation (NMT)"	""	"transformer"	""	"Yes (Please enter details in the comment box, e.g. ""Marian NMT with sequence2sequence..."""	"Fairseq"	"Yes"	"No"	"Yes (Please enter details in the comment box, e.g. ""MEDLINE corpus supplied by WMT biomedical task organizers"""	"MEDLINE corpus, UFAL Medical Corpus supplied by WMT biomedical task organizers"	"2.5M Sentence Pairs"	"Yes (Please enter details in the comment box, e.g. ""Corpus supplied by the WMT 2020 News task organizers"""	"Corpus supplied by the WMT 2020 News task organizers"	"37.8M Sentence Pairs"	"Yes"	"Yes"	" Biomedical Translation and UFALMedical Corpus; 5.4M Sentence Pairs"	"No"	""	"No"	"N/A"	""	"N/A"	""	"Yes, a split of the in-domain training dataset"	""	"Yes"	"No"	""	"240.72"	"11.05"	""	""	"90.78"	""	""	""	""	"138.89"	""	""	""	""	""	""	""	""	""	""	""
"23"	"2020-07-13 05:02:41"	"3"	"en"	"1490580181"	"2020-07-13 05:00:14"	"2020-07-13 05:02:41"	"TMT"	"zh2en (Chinese to English)"	"Neural Machine Translation (NMT)"	""	"transformer"	""	"Yes (Please enter details in the comment box, e.g. ""Marian NMT with sequence2sequence..."""	"Fairseq"	"Yes"	"No"	"No"	""	""	"Yes (Please enter details in the comment box, e.g. ""Corpus supplied by the WMT 2020 News task organizers"""	"Corpus supplied by the WMT 2020 News task organizers / in-house data"	"27.6M Sentence Pairs"	"Yes"	"No"	""	"Yes"	"5.4M Sentence Pairs"	"No"	"N/A"	""	"N/A"	""	"Yes, a split of the open domain training dataset"	""	"Yes"	"No"	""	"148.61"	"14.59"	""	""	"16.73"	""	""	""	""	"117.29"	""	""	""	""	""	""	""	""	""	""	""
"24"	"2020-07-13 05:29:24"	"3"	"en"	"1470833665"	"2020-07-13 05:02:45"	"2020-07-13 05:29:24"	"TMT"	"en2zh (English to Chinese)"	"Neural Machine Translation (NMT)"	""	"transformer"	""	"Yes (Please enter details in the comment box, e.g. ""Marian NMT with sequence2sequence..."""	"Fairseq"	"Yes"	"No"	"No"	""	""	"Yes (Please enter details in the comment box, e.g. ""Corpus supplied by the WMT 2020 News task organizers"""	"Corpus supplied by the WMT 2020 News task organizers / in-house data"	"27.6M Sentence Pairs"	"Yes"	"Yes"	"5.4M Sentence Pairs"	"No"	""	"No"	"N/A"	""	"N/A"	""	"Yes, a split of the open domain training dataset"	""	"Yes"	"No"	""	"1600.67"	"187.14"	""	""	"12.86"	""	""	""	""	"1400.67"	""	""	""	""	""	""	""	""	""	""	""
"25"	"2020-07-15 10:52:33"	"3"	"en"	"285699300"	"2020-07-15 10:48:10"	"2020-07-15 10:52:33"	"Wei-Bot"	"en2zh (English to Chinese)"	"Neural Machine Translation (NMT)"	""	"transformer"	""	"Yes (Please enter details in the comment box, e.g. ""Marian NMT with sequence2sequence..."""	"Fairseq"	"No"	"Yes"	"Yes (Please enter details in the comment box, e.g. ""MEDLINE corpus supplied by WMT biomedical task organizers"""	"Crawled parallel corpus"	"1.1m sentence pairs"	"No"	""	""	"Yes"	"Yes"	"medical related terms from wikipedia"	"Yes"	"medical pedia pages from wiki8, a+, etc"	"No"	"N/A"	""	"N/A"	""	"Yes, a split of the in-domain training dataset"	""	"Yes"	"Yes (Please enter details in the comment box, e.g. ""multilingual BERT"")"	"MASS"	"264.02"	"59.29"	""	""	"40.37"	""	""	""	""	"164.36"	""	""	""	""	""	""	""	""	""	""	""
"26"	"2020-07-15 10:58:32"	"3"	"en"	"52216274"	"2020-07-15 10:56:29"	"2020-07-15 10:58:32"	"ai_not_intellegent"	"zh2en (Chinese to English)"	"Neural Machine Translation (NMT)"	""	"transformer"	""	"Yes (Please enter details in the comment box, e.g. ""Marian NMT with sequence2sequence..."""	"fairseq"	"Yes"	"No"	"Yes (Please enter details in the comment box, e.g. ""MEDLINE corpus supplied by WMT biomedical task organizers"""	"a large corpus which is crawled and augmented via back-translation"	"3.2G in text"	"Yes (Please enter details in the comment box, e.g. ""Corpus supplied by the WMT 2020 News task organizers"""	"Corpus supplied by the WMT 2020 News task organizers"	"3G"	"No"	"N/A"	""	"N/A"	""	"No"	"N/A"	""	"N/A"	""	"Yes, a split of the in-domain training dataset"	""	"Yes"	"No"	""	"124.1"	"20.77"	""	""	"16.22"	""	""	""	""	"87.11"	""	""	""	""	""	""	""	""	""	""	""
"27"	"2020-07-15 11:00:12"	"3"	"en"	"1726771610"	"2020-07-15 10:58:44"	"2020-07-15 11:00:12"	"Wei-Bot"	"zh2en (Chinese to English)"	"Neural Machine Translation (NMT)"	""	"transformer"	""	"Yes (Please enter details in the comment box, e.g. ""Marian NMT with sequence2sequence..."""	"fairseq"	"No"	"Yes"	"Yes (Please enter details in the comment box, e.g. ""MEDLINE corpus supplied by WMT biomedical task organizers"""	"we use the pubmed literature for training"	"3M sentence pairs"	"No"	""	""	"No"	"N/A"	""	"N/A"	""	"No"	"N/A"	""	"N/A"	""	"Yes, a split of the in-domain training dataset"	""	"Yes"	"Yes (Please enter details in the comment box, e.g. ""multilingual BERT"")"	"MASS"	"88.53"	"14.42"	""	""	"14.01"	""	""	""	""	"60.1"	""	""	""	""	""	""	""	""	""	""	""
"28"	"2020-07-15 11:01:15"	"3"	"en"	"627359407"	"2020-07-15 11:00:29"	"2020-07-15 11:01:15"	"ai_not_intellegent"	"en2zh (English to Chinese)"	"Neural Machine Translation (NMT)"	""	"transformer"	""	"No, we used our own implementation."	""	"No"	"Yes"	"No"	""	""	"No"	""	""	"No"	"N/A"	""	"N/A"	""	"No"	"N/A"	""	"N/A"	""	"No"	""	"No"	"Yes (Please enter details in the comment box, e.g. ""multilingual BERT"")"	"mass"	"46.88"	"14.23"	""	""	"11.13"	""	""	""	""	"21.52"	""	""	""	""	""	""	""	""	""	""	""
"29"	"2020-07-15 11:40:46"	"3"	"en"	"913542811"	"2020-07-15 11:29:05"	"2020-07-15 11:40:46"	"DCU-MT"	"en2eu (English to Basque)"	"Neural Machine Translation (NMT)"	""	"transformer"	""	"Yes (Please enter details in the comment box, e.g. ""Marian NMT with sequence2sequence..."""	"Marian NMT"	"Yes"	"No"	"No"	"We made use of in-domain and out-of-domain parallel data provided by the organisers"	""	"No"	"We made use of in-domain and out-of-domain parallel data provided by the organisers"	""	"Yes"	"Yes"	"200K biomedical domain data selected by TermFinder"	"Yes"	"442K moxed (biomedical 41,151 and rest out-of-domain data selected by TermFinder)"	"Yes"	"No"	""	"Yes"	"We sued CommonCrawl corpus"	"Other"	"Yes split the test set into parts, one used fro validation and another part was used for test set"	"Yes"	"No"	""	"703.3"	"115.83"	""	""	"59.71"	""	""	""	""	"527.76"	""	""	""	""	""	""	""	""	""	""	""
"30"	""	""	"en"	"105125718"	"2020-07-15 11:43:54"	"2020-07-15 11:43:54"	""	""	""	""	""	""	""	""	"N/A"	"N/A"	""	""	""	""	""	""	""	"N/A"	""	"N/A"	""	""	"N/A"	""	"N/A"	""	""	""	""	""	""	"0"	""	""	""	""	""	""	""	""	""	""	""	""	""	""	""	""	""	""	""	""
"33"	"2020-07-15 12:05:52"	"3"	"en"	"1881480870"	"2020-07-15 11:56:26"	"2020-07-15 12:05:52"	"NLE"	"de2en (German to English)"	"Neural Machine Translation (NMT)"	""	"transformer"	""	"Yes (Please enter details in the comment box, e.g. ""Marian NMT with sequence2sequence..."""	"Fairseq"	"Yes"	"Yes"	"Yes (Please enter details in the comment box, e.g. ""MEDLINE corpus supplied by WMT biomedical task organizers"""	"MEDLINE corpus supplied by WMT biomedical task organizers"	"34710"	"Yes (Please enter details in the comment box, e.g. ""Corpus supplied by the WMT 2020 News task organizers"""	"All available de-en parallel data in the WMT20 News Task"	"44.8M"	"No"	"N/A"	""	"N/A"	""	"Yes"	"No"	""	"Yes"	"Newscrawl (269M sentences)"	"Other"	"WMT18 Medline test set, WMT16-18 News test set"	"Yes"	"No"	""	"568.08"	"30.94"	""	""	"43.24"	""	""	""	""	"493.9"	""	""	""	""	""	""	""	""	""	""	""
"34"	""	"2"	"en"	"992734561"	"2020-07-15 12:06:04"	"2020-07-15 12:07:40"	"NLE"	"fr2en (French to English)"	"Neural Machine Translation (NMT)"	""	"transformer"	""	"Yes (Please enter details in the comment box, e.g. ""Marian NMT with sequence2sequence..."""	"Fairseq"	"Yes"	"No"	""	""	""	""	""	""	""	"N/A"	""	"N/A"	""	""	"N/A"	""	"N/A"	""	""	""	""	""	""	"96.28"	"71.18"	""	""	"25.1"	""	""	""	""	""	""	""	""	""	""	""	""	""	""	""	""
"36"	"2020-07-15 12:54:37"	"3"	"en"	"162856814"	"2020-07-15 12:22:00"	"2020-07-15 12:54:37"	"Elhuyar_NLP_team"	"en2eu (English to Basque)"	"Neural Machine Translation (NMT)"	""	"transformer"	""	"Yes (Please enter details in the comment box, e.g. ""Marian NMT with sequence2sequence..."""	"OpenNMT toolkit with transformers"	"No"	"Yes"	"Yes (Please enter details in the comment box, e.g. ""MEDLINE corpus supplied by WMT biomedical task organizers"""	"In domain data has been collected from different sources: WMT20 shared task bilingual training data, Elhuyar’s internal medical corpus extracted from translation memories and synthetically generated data from the WMT19 EN-ES shared task."	"Around 350k segments"	"Yes (Please enter details in the comment box, e.g. ""Corpus supplied by the WMT 2020 News task organizers"""	"An internal synthetic corpus has been used. Synthetic data was obtained by backtranslating an internal ES-EU corpus from Spanish to English"	"Around 7M segments"	"Yes"	"No"	""	"Yes"	"Shared task monolingual in-domian data for Basque comprising SNOMED descriptions, hospital notes and wikipedia medical articles. Data has been cleaned and processed. Around 110k segments"	"No"	"N/A"	""	"N/A"	""	"Other"	"A mix of in-domain and open domain data.  In-domain data consists of an internal validation set and shared task validation set. Open domain is a split of the open domain training data."	"Yes"	"No"	""	"1959.37"	"44.67"	""	""	"543.78"	""	""	""	""	"1370.92"	""	""	""	""	""	""	""	""	""	""	""
"37"	""	"2"	"en"	"133997146"	"2020-07-15 12:53:01"	"2020-07-15 13:00:22"	"OOM_20"	"en2zh (English to Chinese)"	"Neural Machine Translation (NMT)"	""	"transformer"	""	"Yes (Please enter details in the comment box, e.g. ""Marian NMT with sequence2sequence..."""	"We used tensor2tensor and made some improvements on it."	"Yes"	"Yes"	""	""	""	""	""	""	""	"N/A"	""	"N/A"	""	""	"N/A"	""	"N/A"	""	""	""	""	""	""	"441.95"	"135.04"	""	""	"306.91"	""	""	""	""	""	""	""	""	""	""	""	""	""	""	""	""
"38"	""	"1"	"en"	"72070010"	"2020-07-15 12:55:19"	"2020-07-15 12:57:55"	"Elhuyar_NLP_team"	"en2eu (English to Basque)"	""	""	""	""	""	""	"N/A"	"N/A"	""	""	""	""	""	""	""	"N/A"	""	"N/A"	""	""	"N/A"	""	"N/A"	""	""	""	""	""	""	"156"	"156"	""	""	""	""	""	""	""	""	""	""	""	""	""	""	""	""	""	""	""
"39"	""	"2"	"en"	"136432562"	"2020-07-15 12:59:26"	"2020-07-15 13:00:35"	"Elhuyar_NLP_team"	"en2es (English to Spanish)"	"Neural Machine Translation (NMT)"	""	"transformer"	""	"Yes (Please enter details in the comment box, e.g. ""Marian NMT with sequence2sequence..."""	"OpenNMT toolkit for Python"	"Yes"	"No"	""	""	""	""	""	""	""	"N/A"	""	"N/A"	""	""	"N/A"	""	"N/A"	""	""	""	""	""	""	"69.22"	"9.17"	""	""	"60.05"	""	""	""	""	""	""	""	""	""	""	""	""	""	""	""	""
"40"	"2020-07-15 13:19:20"	"3"	"en"	"1283799190"	"2020-07-15 13:16:27"	"2020-07-15 13:19:20"	"Elhuyar_NLP_team"	"en2es (English to Spanish)"	"Neural Machine Translation (NMT)"	""	"transformer"	""	"Yes (Please enter details in the comment box, e.g. ""Marian NMT with sequence2sequence..."""	"OpenNMT toolkit Python version"	"Yes"	"No"	"Yes (Please enter details in the comment box, e.g. ""MEDLINE corpus supplied by WMT biomedical task organizers"""	"In domain data comprises previous years’ shared tasks Medline data and SCIELO dataset."	"Aroung 560k segments"	"Yes (Please enter details in the comment box, e.g. ""Corpus supplied by the WMT 2020 News task organizers"""	"Out of domain data was obtained from Paracrawl v5 corpus."	"Around 33M segments"	"No"	"N/A"	""	"N/A"	""	"No"	"N/A"	""	"N/A"	""	"Other"	"A mix of in-domain and open domain data. Both were obtained from a split of the training dataset"	"No"	"No"	""	"175.12"	"14.86"	""	""	"41.61"	""	""	""	""	"118.65"	""	""	""	""	""	""	""	""	""	""	""
"42"	""	""	"en"	"301649629"	"2020-07-15 14:21:18"	"2020-07-15 14:21:18"	""	""	""	""	""	""	""	""	"N/A"	"N/A"	""	""	""	""	""	""	""	"N/A"	""	"N/A"	""	""	"N/A"	""	"N/A"	""	""	""	""	""	""	"0"	""	""	""	""	""	""	""	""	""	""	""	""	""	""	""	""	""	""	""	""
"43"	"2020-07-15 14:39:53"	"3"	"en"	"1665017279"	"2020-07-15 14:29:01"	"2020-07-15 14:39:53"	"Huawei United"	"en2de (English to German)"	"Neural Machine Translation (NMT)"	""	"transformer"	""	"Yes (Please enter details in the comment box, e.g. ""Marian NMT with sequence2sequence..."""	"fairseq"	"No"	"Yes"	"Yes (Please enter details in the comment box, e.g. ""MEDLINE corpus supplied by WMT biomedical task organizers"""	"Medline corpus provided by WMT biomedical task organizers"	"29k"	"Yes (Please enter details in the comment box, e.g. ""Corpus supplied by the WMT 2020 News task organizers"""	"in-house 230 W bitext , use tfidf select 27k for finetuning"	"27k lines"	"No"	"N/A"	""	"N/A"	""	"Yes"	"No"	""	"Yes"	"trained a LM using de ood 2.3 mil lines for model reranking "	"Other"	"WMT 19 test"	"No"	"Yes (Please enter details in the comment box, e.g. ""multilingual BERT"")"	"FB-PLM"	"654.68"	"28.29"	""	""	"74.81"	""	""	""	""	"551.58"	""	""	""	""	""	""	""	""	""	""	""
"44"	"2020-07-15 14:44:50"	"3"	"en"	"2082880489"	"2020-07-15 14:40:17"	"2020-07-15 14:44:50"	"Huawei United"	"de2en (German to English)"	"Neural Machine Translation (NMT)"	""	"transformer"	""	"Yes (Please enter details in the comment box, e.g. ""Marian NMT with sequence2sequence..."""	"fairseq"	"No"	"Yes"	"Yes (Please enter details in the comment box, e.g. ""MEDLINE corpus supplied by WMT biomedical task organizers"""	"Medline corpus supplied by WMT biomedical task organizers"	"29K lines"	"Yes (Please enter details in the comment box, e.g. ""Corpus supplied by the WMT 2020 News task organizers"""	"in-house collected 2.3 mil filtered by tfidf reduced to 27k"	"27k bitext"	"Yes"	"No"	""	"Yes"	"en 70 mil to train a LM for model reranking"	"No"	"N/A"	""	"N/A"	""	"Other"	"WMT19"	"No"	"Yes (Please enter details in the comment box, e.g. ""multilingual BERT"")"	"FB-PLM"	"275.08"	"14.17"	""	""	"25.98"	""	""	""	""	"234.93"	""	""	""	""	""	""	""	""	""	""	""
"45"	"2020-07-15 15:12:20"	"3"	"en"	"347890571"	"2020-07-15 15:03:02"	"2020-07-15 15:12:20"	"OOM_20"	"zh2en (Chinese to English)"	"Neural Machine Translation (NMT)"	""	"transformer"	""	"Yes (Please enter details in the comment box, e.g. ""Marian NMT with sequence2sequence..."""	"We used tensor2tensor and made some improvements on it."	"Yes"	"Yes"	"Yes (Please enter details in the comment box, e.g. ""MEDLINE corpus supplied by WMT biomedical task organizers"""	"The billigual abstracts from chinese medical papers."	"3 million"	"Yes (Please enter details in the comment box, e.g. ""Corpus supplied by the WMT 2020 News task organizers"""	"Corpus supplied by the WMT 2020 News task organizers"	"10 million"	"Yes"	"Yes"	"Chinese medical papers, 10 million"	"Yes"	"English medical papers, 20 million"	"No"	"N/A"	""	"N/A"	""	"Yes, a split of the in-domain training dataset"	""	"Yes"	"No"	""	"560.13"	"36.68"	""	""	"224.87"	""	""	""	""	"298.58"	""	""	""	""	""	""	""	""	""	""	""
"46"	"2020-07-15 15:42:05"	"3"	"en"	"1195358480"	"2020-07-15 15:39:33"	"2020-07-15 15:42:05"	"Huawei United"	"en2ru (Russian to English)"	"Neural Machine Translation (NMT)"	""	"transformer"	""	"Yes (Please enter details in the comment box, e.g. ""Marian NMT with sequence2sequence..."""	"fairseq"	"No"	"Yes"	"Yes (Please enter details in the comment box, e.g. ""MEDLINE corpus supplied by WMT biomedical task organizers"""	"Medline corpus supplied by WMT biomedical task organizers"	"32k"	"No"	""	""	"No"	"N/A"	""	"N/A"	""	"No"	"N/A"	""	"N/A"	""	"Other"	"WMT 19 "	"No"	"Yes (Please enter details in the comment box, e.g. ""multilingual BERT"")"	"FB-PLM"	"153.44"	"42.38"	""	""	"19.56"	""	""	""	""	"91.5"	""	""	""	""	""	""	""	""	""	""	""
"47"	"2020-07-15 15:44:04"	"3"	"en"	"1400423413"	"2020-07-15 15:42:21"	"2020-07-15 15:44:04"	"Huawei United"	"ru2en (Russian to English)"	"Neural Machine Translation (NMT)"	""	"transformer"	""	"Yes (Please enter details in the comment box, e.g. ""Marian NMT with sequence2sequence..."""	"fairseq"	"No"	"Yes"	"Yes (Please enter details in the comment box, e.g. ""MEDLINE corpus supplied by WMT biomedical task organizers"""	"Medline corpus supplied by WMT biomedical task organizers"	"32k"	"No"	""	""	"No"	"N/A"	""	"N/A"	""	"No"	"N/A"	""	"N/A"	""	"Other"	"WMT19"	"No"	"Yes (Please enter details in the comment box, e.g. ""multilingual BERT"")"	"FB-PLM"	"104.2"	"15.29"	""	""	"15.39"	""	""	""	""	"73.52"	""	""	""	""	""	""	""	""	""	""	""
"48"	""	"2"	"en"	"357836490"	"2020-07-15 15:53:56"	"2020-07-15 15:54:27"	"NLE"	"en2de (English to German)"	"Neural Machine Translation (NMT)"	""	"transformer"	""	"Yes (Please enter details in the comment box, e.g. ""Marian NMT with sequence2sequence..."""	"Fairseq"	"Yes"	"Yes"	""	""	""	""	""	""	""	"N/A"	""	"N/A"	""	""	"N/A"	""	"N/A"	""	""	""	""	""	""	"31.45"	"14.13"	""	""	"17.32"	""	""	""	""	""	""	""	""	""	""	""	""	""	""	""	""
"49"	"2020-07-15 16:54:13"	"3"	"en"	"1973972711"	"2020-07-15 16:52:25"	"2020-07-15 16:54:13"	"baidu_translation"	"en2zh (English to Chinese)"	"Neural Machine Translation (NMT)"	""	"transformer"	""	"Yes (Please enter details in the comment box, e.g. ""Marian NMT with sequence2sequence..."""	"paddle"	"Yes"	"No"	"Yes (Please enter details in the comment box, e.g. ""MEDLINE corpus supplied by WMT biomedical task organizers"""	"dataset developed by our companies"	"12.5G text"	"No"	""	""	"No"	"N/A"	""	"N/A"	""	"No"	"N/A"	""	"N/A"	""	"Yes, a split of the in-domain training dataset"	""	"Yes"	"Yes (Please enter details in the comment box, e.g. ""multilingual BERT"")"	"paddle translation"	"108.68"	"26.14"	""	""	"21.34"	""	""	""	""	"61.2"	""	""	""	""	""	""	""	""	""	""	""
"50"	"2020-07-15 16:56:16"	"3"	"en"	"1954550542"	"2020-07-15 16:54:50"	"2020-07-15 16:56:16"	"baidu_translation"	"zh2en (Chinese to English)"	"Neural Machine Translation (NMT)"	""	"transformer"	""	"Yes (Please enter details in the comment box, e.g. ""Marian NMT with sequence2sequence..."""	"paddle"	"Yes"	"No"	"Yes (Please enter details in the comment box, e.g. ""MEDLINE corpus supplied by WMT biomedical task organizers"""	"in house dataset"	"12.5G"	"No"	""	""	"No"	"N/A"	""	"N/A"	""	"No"	"N/A"	""	"N/A"	""	"Yes, a split of the in-domain training dataset"	""	"No"	"No"	""	"86.33"	"22.16"	""	""	"16.01"	""	""	""	""	"48.16"	""	""	""	""	""	""	""	""	""	""	""
"51"	"2020-07-15 17:01:34"	"3"	"en"	"2012118121"	"2020-07-15 16:57:42"	"2020-07-15 17:01:34"	"NLE"	"en2de (English to German)"	"Neural Machine Translation (NMT)"	""	"transformer"	""	"Yes (Please enter details in the comment box, e.g. ""Marian NMT with sequence2sequence..."""	"Fairseq"	"Yes"	"Yes"	"Yes (Please enter details in the comment box, e.g. ""MEDLINE corpus supplied by WMT biomedical task organizers"""	"MEDLINE corpus supplied by WMT biomedical task organizers"	"34710"	"Yes (Please enter details in the comment box, e.g. ""Corpus supplied by the WMT 2020 News task organizers"""	"All available German-English parallel data in the WMT20 News Task"	"44.8M"	"No"	"N/A"	""	"N/A"	""	"Yes"	"Yes"	"269M sentence pairs"	"Yes"	"440M sentence pairs"	"Other"	"WMT18 Medline test set and WMT16-18 News test sets"	"Yes"	"No"	""	"233.71"	"16.41"	""	""	"16.53"	""	""	""	""	"200.77"	""	""	""	""	""	""	""	""	""	""	""
"52"	"2020-07-15 17:07:58"	"3"	"en"	"916224007"	"2020-07-15 17:01:42"	"2020-07-15 17:07:58"	"NLE"	"fr2en (French to English)"	"Neural Machine Translation (NMT)"	""	"transformer"	""	"Yes (Please enter details in the comment box, e.g. ""Marian NMT with sequence2sequence..."""	"Fairseq"	"Yes"	"No"	"Yes (Please enter details in the comment box, e.g. ""MEDLINE corpus supplied by WMT biomedical task organizers"""	"In-domain French, Spanish, Italian and German to English parallel data obtained from WMT and OPUS"	"9.2M (all languages combined)"	"Yes (Please enter details in the comment box, e.g. ""Corpus supplied by the WMT 2020 News task organizers"""	"General-domain French, Spanish, Italian, German and Korean to English parallel data obtained from WMT and OPUS"	"351.2M (all languages combined)"	"No"	"N/A"	""	"N/A"	""	"Yes"	"No"	""	"Yes"	"Back-translation from English to Korean (8.0M)"	"Yes, a split of the open domain training dataset"	""	"Yes"	"No"	""	"377"	"10.74"	""	""	"10.98"	""	""	""	""	"355.28"	""	""	""	""	""	""	""	""	""	""	""
"53"	"2020-07-15 17:10:39"	"3"	"en"	"1723876304"	"2020-07-15 17:05:38"	"2020-07-15 17:10:39"	"Alibuba"	"en2zh (English to Chinese)"	"Neural Machine Translation (NMT)"	""	"transformer"	""	"Yes (Please enter details in the comment box, e.g. ""Marian NMT with sequence2sequence..."""	"openNMT"	"No"	"Yes"	"No"	""	""	"No"	""	""	"No"	"N/A"	""	"N/A"	""	"No"	"N/A"	""	"N/A"	""	"Yes, a split of the in-domain training dataset"	""	"Yes"	"Yes (Please enter details in the comment box, e.g. ""multilingual BERT"")"	"transformer-base"	"302.69"	"14.6"	""	""	"20.45"	""	""	""	""	"267.64"	""	""	""	""	""	""	""	""	""	""	""
"54"	"2020-07-15 17:21:26"	"3"	"en"	"135807989"	"2020-07-15 17:18:15"	"2020-07-15 17:21:26"	"Alibuba"	"zh2en (Chinese to English)"	"Neural Machine Translation (NMT)"	""	"transformer"	""	"Yes (Please enter details in the comment box, e.g. ""Marian NMT with sequence2sequence..."""	"openNMT"	"Yes"	"No"	"Yes (Please enter details in the comment box, e.g. ""MEDLINE corpus supplied by WMT biomedical task organizers"""	"pubmed articles in Chinese"	"1.2G"	"No"	""	""	"No"	"N/A"	""	"N/A"	""	"No"	"N/A"	""	"N/A"	""	"Yes, a split of the in-domain training dataset"	""	"Yes"	"Yes (Please enter details in the comment box, e.g. ""multilingual BERT"")"	"transformer-base"	"156.45"	"22.39"	""	""	"26.97"	""	""	""	""	"107.09"	""	""	""	""	""	""	""	""	""	""	""
"55"	"2020-07-16 02:09:27"	"3"	"en"	"1039279243"	"2020-07-16 01:43:03"	"2020-07-16 02:09:27"	"UTS_NLP"	"en2eu (English to Basque)"	"Neural Machine Translation (NMT)"	""	"transformer"	"BERT-FUSED NMT (based on transformers)"	"Yes (Please enter details in the comment box, e.g. ""Marian NMT with sequence2sequence..."""	"bert-nmt (based on fairseq)"	"Yes"	"No"	"Yes (Please enter details in the comment box, e.g. ""MEDLINE corpus supplied by WMT biomedical task organizers"""	"ICD-10 codes translations."	"25,900"	"Yes (Please enter details in the comment box, e.g. ""Corpus supplied by the WMT 2020 News task organizers"""	"Out of domain parallel corpora provided by WMT2020 biomedical translation organizers."	"~0.6M"	"Yes"	"No"	""	"Yes"	"Snomed terms, hospital notes and wikipedia medical articles (total of 60,000 sentences)"	"Yes"	"No"	""	"Yes"	"Wikipedia 1.5M"	"Other"	"For the terminology transation I used the validation set provided by the organizers. For the abstract translation I used a small set of sentences translated myself from in-domain English sentences."	"Yes"	"Yes (Please enter details in the comment box, e.g. ""multilingual BERT"")"	"I used pretrained BERT models from HuggingFace:
- ""ixa-ehu/berteus-base-cased"" for back-translation with the BERT-fused NMT.
- ""adamlin/NCBI_BERT_pubmed_mimic_uncased_base_transformers"" for the translations with the BERT-fused NMT.
"	"1585.08"	"54.55"	""	""	"99.35"	""	""	""	""	"1431.18"	""	""	""	""	""	""	""	""	""	""	""
"56"	"2020-07-16 02:53:18"	"3"	"en"	"1271890733"	"2020-07-16 02:42:02"	"2020-07-16 02:53:18"	"UNICAMP_DL"	"en2pt (English to Portuguese)"	"Neural Machine Translation (NMT)"	""	"transformer"	"We used a T5-base implementation with a pre-trained tokenizer"	"Yes (Please enter details in the comment box, e.g. ""Marian NMT with sequence2sequence..."""	"We used HuggingFace implementation with changes in Tokenizer and postprocessing. We added special latin tokens to tokenizer since it was not able to deal with latin words as a with a tilde. We also added the most common portuguese word found (best result for previous tests was adding just one word + special tokens). "	"No"	"Yes"	"Yes (Please enter details in the comment box, e.g. ""MEDLINE corpus supplied by WMT biomedical task organizers"""	"MEDLINE corpus supplied by WMT biomedical task organizers, EMEA corpus, The corpus of full-text scientific articles from Scielo, a corpus of theses and dissertations abstracts (BDTD) from CAPES, JRCAcquis"	"6606858"	"Yes (Please enter details in the comment box, e.g. ""Corpus supplied by the WMT 2020 News task organizers"""	"ParaCrawl dataset (not all, only 5M sentences)"	"5000000"	"No"	"N/A"	""	"N/A"	""	"No"	"N/A"	""	"N/A"	""	"No"	""	"No"	"Yes (Please enter details in the comment box, e.g. ""multilingual BERT"")"	"T5-base Huggingface training."	"677.76"	"33.02"	""	""	"171.76"	""	""	""	""	"472.98"	""	""	""	""	""	""	""	""	""	""	""
"57"	"2020-07-16 02:57:22"	"3"	"en"	"575811197"	"2020-07-16 02:53:47"	"2020-07-16 02:57:22"	"UNICAMP_DL"	"en2pt (English to Portuguese)"	"Neural Machine Translation (NMT)"	""	"transformer"	"T5 with Huggingface implementation"	"Yes (Please enter details in the comment box, e.g. ""Marian NMT with sequence2sequence..."""	"HuggingFace"	"No"	"Yes"	"Yes (Please enter details in the comment box, e.g. ""MEDLINE corpus supplied by WMT biomedical task organizers"""	"MEDLINE corpus supplied by WMT biomedical task organizers, EMEA corpus, The corpus of full-text scientific articles from Scielo, a corpus of theses and dissertations abstracts (BDTD) from CAPES, JRCAcquis"	"6606856"	"Yes (Please enter details in the comment box, e.g. ""Corpus supplied by the WMT 2020 News task organizers"""	"ParaCrawl dataset (not all, only 5M sentences)"	"5000000"	"No"	"N/A"	""	"N/A"	""	"No"	"N/A"	""	"N/A"	""	"No"	""	"No"	"Yes (Please enter details in the comment box, e.g. ""multilingual BERT"")"	"T5-base model"	"215.83"	"49.65"	""	""	"46.02"	""	""	""	""	"120.16"	""	""	""	""	""	""	""	""	""	""	""
"58"	"2020-07-16 04:17:41"	"3"	"en"	"1262141083"	"2020-07-16 04:11:43"	"2020-07-16 04:17:41"	"Huawei United"	"en2fr (English to French)"	"Neural Machine Translation (NMT)"	""	"transformer"	""	"No, we used our own implementation."	""	"Yes"	"No"	"Yes (Please enter details in the comment box, e.g. ""MEDLINE corpus supplied by WMT biomedical task organizers"""	"Medline Corpus supplied by WMT biomedical task organizers"	"4 mil lines parallel corpus"	"Yes (Please enter details in the comment box, e.g. ""Corpus supplied by the WMT 2020 News task organizers"""	"news and other data (in-house)"	"123 mil lines parallel corpus"	"Yes"	"Yes"	"22 mil lines english sentences"	"No"	""	"No"	"N/A"	""	"N/A"	""	"Other"	"WMT 19"	"Yes"	"No"	""	"358.84"	"46.96"	""	""	"50.22"	""	""	""	""	"261.66"	""	""	""	""	""	""	""	""	""	""	""
"59"	"2020-07-16 04:21:51"	"3"	"en"	"268316832"	"2020-07-16 04:18:09"	"2020-07-16 04:21:51"	"Huawei United"	"fr2en (French to English)"	"Neural Machine Translation (NMT)"	""	"transformer"	""	"No, we used our own implementation."	""	"Yes"	"No"	"Yes (Please enter details in the comment box, e.g. ""MEDLINE corpus supplied by WMT biomedical task organizers"""	"Medline corpus supplied by WMT biomedical task organizers"	"4 mil lines parallel corpus"	"Yes (Please enter details in the comment box, e.g. ""Corpus supplied by the WMT 2020 News task organizers"""	"in-house data on general domain like news"	"123 mil lines parallel corpus"	"Yes"	"No"	""	"Yes"	"62 mil lines of english"	"No"	"N/A"	""	"N/A"	""	"Other"	"WMT 19"	"Yes"	"No"	""	"224.03"	"21.07"	""	""	"12.72"	""	""	""	""	"190.24"	""	""	""	""	""	""	""	""	""	""	""
"60"	"2020-07-16 04:44:05"	"3"	"en"	"664018844"	"2020-07-16 04:22:37"	"2020-07-16 04:44:05"	"Huawei United"	"en2it (English to Italian)"	"Neural Machine Translation (NMT)"	""	"transformer"	""	"No, we used our own implementation."	""	"Yes"	"No"	"Yes (Please enter details in the comment box, e.g. ""MEDLINE corpus supplied by WMT biomedical task organizers"""	"Supplied by WMT biomedical task organizers"	"219k lines"	"Yes (Please enter details in the comment box, e.g. ""Corpus supplied by the WMT 2020 News task organizers"""	"in-house general domain data"	"83 mil lines of parallel sentences"	"No"	"N/A"	""	"N/A"	""	"No"	"N/A"	""	"N/A"	""	"Other"	"WMT 19"	"No"	"No"	""	"1285.05"	"14.55"	""	""	"12.41"	""	""	""	""	"1258.09"	""	""	""	""	""	""	""	""	""	""	""
"61"	"2020-07-16 04:47:07"	"3"	"en"	"1856534233"	"2020-07-16 04:44:30"	"2020-07-16 04:47:07"	"Huawei United"	"it2en (Italian to English)"	"Neural Machine Translation (NMT)"	""	"transformer"	""	"No, we used our own implementation."	""	"Yes"	"No"	"Yes (Please enter details in the comment box, e.g. ""MEDLINE corpus supplied by WMT biomedical task organizers"""	"supplied by WMT biomedical task organizers"	"219K lines bitext"	"Yes (Please enter details in the comment box, e.g. ""Corpus supplied by the WMT 2020 News task organizers"""	"in-house "	"150 mil lines bitext"	"No"	"N/A"	""	"N/A"	""	"No"	"N/A"	""	"N/A"	""	"Other"	"WMT 19"	"No"	"No"	""	"158.53"	"24.94"	""	""	"9.21"	""	""	""	""	"124.38"	""	""	""	""	""	""	""	""	""	""	""
"62"	"2020-07-16 04:51:12"	"3"	"en"	"332084822"	"2020-07-16 04:47:33"	"2020-07-16 04:51:12"	"Huawei United"	"en2zh (English to Chinese)"	"Neural Machine Translation (NMT)"	""	"transformer"	""	"No, we used our own implementation."	""	"Yes"	"No"	"No"	""	""	"Yes (Please enter details in the comment box, e.g. ""Corpus supplied by the WMT 2020 News task organizers"""	"in-house"	"164 mil lines bitext"	"No"	"N/A"	""	"N/A"	""	"No"	"N/A"	""	"N/A"	""	"Other"	"WMT 19"	"No"	"No"	""	"220.91"	"29.68"	""	""	"10.48"	""	""	""	""	"180.75"	""	""	""	""	""	""	""	""	""	""	""
"63"	"2020-07-16 04:54:17"	"3"	"en"	"2131166091"	"2020-07-16 04:51:35"	"2020-07-16 04:54:17"	"Huawei United"	"zh2en (Chinese to English)"	"Neural Machine Translation (NMT)"	""	"transformer"	""	"No, we used our own implementation."	""	"Yes"	"No"	"Yes (Please enter details in the comment box, e.g. ""MEDLINE corpus supplied by WMT biomedical task organizers"""	"in domain dictionary "	"59 K pairs"	"Yes (Please enter details in the comment box, e.g. ""Corpus supplied by the WMT 2020 News task organizers"""	"in-house"	"200 mil lines of bitext"	"Yes"	"No"	""	"Yes"	"55 mil lines english"	"No"	"N/A"	""	"N/A"	""	"Other"	"WMT19"	"Yes"	"No"	""	"163.98"	"16.22"	""	""	"8.88"	""	""	""	""	"138.88"	""	""	""	""	""	""	""	""	""	""	""
"64"	"2020-07-16 05:00:25"	"3"	"en"	"2033854835"	"2020-07-16 04:54:35"	"2020-07-16 05:00:25"	"Huawei United"	"en2fr (English to French)"	"Neural Machine Translation (NMT)"	""	"transformer"	""	"No, we used our own implementation."	""	"Yes"	"No"	"Yes (Please enter details in the comment box, e.g. ""MEDLINE corpus supplied by WMT biomedical task organizers"""	"provided by WMT biomedical task organizers, in-domain lexicons"	"4 mil lines of bitext, 59 k in domain lexicons "	"Yes (Please enter details in the comment box, e.g. ""Corpus supplied by the WMT 2020 News task organizers"""	"in-house"	"146 mil lines of bitext (note: previous filled numbers was 123 mil which missed one part)"	"No"	"N/A"	""	"N/A"	""	"No"	"N/A"	""	"N/A"	""	"Other"	"WMT19"	"No"	"No"	""	"351.67"	"32.26"	""	""	"13.97"	""	""	""	""	"305.44"	""	""	""	""	""	""	""	""	""	""	""
"65"	"2020-07-16 05:04:25"	"3"	"en"	"1283150239"	"2020-07-16 05:00:40"	"2020-07-16 05:04:25"	"Huawei United"	"fr2en (French to English)"	"Neural Machine Translation (NMT)"	""	"transformer"	""	"No, we used our own implementation."	""	"Yes"	"No"	"Yes (Please enter details in the comment box, e.g. ""MEDLINE corpus supplied by WMT biomedical task organizers"""	"provided by WMT biomedical task organizers, in-domain lexicons"	"4 mil lines bitext, 59 k in-domain lexicons"	"Yes (Please enter details in the comment box, e.g. ""Corpus supplied by the WMT 2020 News task organizers"""	"in-house"	"186 mil lines of bitext (Note: previously surveyed 123 mil lines which missed one part of data)"	"No"	"N/A"	""	"N/A"	""	"No"	"N/A"	""	"N/A"	""	"Other"	"WMT19"	"No"	"No"	""	"227.22"	"18.54"	""	""	"11.78"	""	""	""	""	"196.9"	""	""	""	""	""	""	""	""	""	""	""
"67"	"2020-07-16 11:32:45"	"3"	"en"	"320081647"	"2020-07-16 10:46:34"	"2020-07-16 11:32:45"	"YerevaNN"	"en2de (English to German)"	"Neural Machine Translation (NMT)"	""	"transformer"	"The model was fine-tuned from Facebook's WMT19 news translation task winning model, so strictly matches to the architecture of ""wmt19.en-de.joined-dict.single_model"": Big Transformer with ffnn size of 8192, shared embeddings."	"Yes (Please enter details in the comment box, e.g. ""Marian NMT with sequence2sequence..."""	"Fine-tuned a transformer model with Fairseq, with subword segmentation using FastBPE, tokenization (and punctuation normalization) was performed similarly to Moses (using SacreMoses).
For dataset cleaning/aligning the misaligned samples, we used HuggingFace Transformers in order to use XLM-R for inference."	"No"	"Yes"	"Yes (Please enter details in the comment box, e.g. ""MEDLINE corpus supplied by WMT biomedical task organizers"""	"Only the MEDLINE corpus supplied by WMT biomedical task organizers.
Additionally, we made a script to align the misaligned translation-pairs from the provided parallel data using XLM-R."	"32466 sentences, with 982312 tokens in total"	"No"	"No OOD data was used directly, but the base models we had fine-tuned were actually trained on news translation data (See Facebook WMT19 News Translation task submission/winner model for details)."	""	"No"	"N/A"	""	"N/A"	""	"No"	"N/A"	""	"N/A"	""	"Other"	"WMT19 (Biomedical) Test data as our validation data"	"No"	"Yes (Please enter details in the comment box, e.g. ""multilingual BERT"")"	"XLM-R - only for dataset cleaning/aligning."	"2772.96"	"355.68"	""	""	"1384.42"	""	""	""	""	"1032.86"	""	""	""	""	""	""	""	""	""	""	""
"68"	""	"1"	"en"	"191922990"	"2020-07-16 11:28:00"	"2020-07-16 11:28:20"	"Ը"	"en2de (English to German)"	""	""	""	""	""	""	"N/A"	"N/A"	""	""	""	""	""	""	""	"N/A"	""	"N/A"	""	""	"N/A"	""	"N/A"	""	""	""	""	""	""	"20.36"	"20.36"	""	""	""	""	""	""	""	""	""	""	""	""	""	""	""	""	""	""	""
"69"	"2020-07-16 11:34:31"	"3"	"en"	"1198760463"	"2020-07-16 11:32:52"	"2020-07-16 11:34:31"	"YerevaNN"	"de2en (German to English)"	"Neural Machine Translation (NMT)"	""	"transformer"	"The model was fine-tuned from Facebook's WMT19 news translation task winning model, so strictly matches to the architecture of ""wmt19.en-de.joined-dict.single_model"": Big Transformer with ffnn size of 8192, shared embeddings."	"Yes (Please enter details in the comment box, e.g. ""Marian NMT with sequence2sequence..."""	"Fine-tuned a transformer model with Fairseq, with subword segmentation using FastBPE, tokenization (and punctuation normalization) was performed similarly to Moses (using SacreMoses).
For dataset cleaning/aligning the misaligned samples, we used HuggingFace Transformers in order to use XLM-R for inference.
"	"No"	"Yes"	"Yes (Please enter details in the comment box, e.g. ""MEDLINE corpus supplied by WMT biomedical task organizers"""	"Only the MEDLINE corpus supplied by WMT biomedical task organizers.
Additionally, we made a script to align the misaligned translation-pairs from the provided parallel data using XLM-R.
"	"32466 sentences, with 982312 tokens in total"	"No"	"No OOD data was used directly, but the base models we had fine-tuned were actually trained on news translation data (See Facebook WMT19 News Translation task submission/winner model for details).
"	""	"No"	"N/A"	""	"N/A"	""	"No"	"N/A"	""	"N/A"	""	"Other"	"WMT19 (Biomedical) Test data as our validation data"	"No"	"Yes (Please enter details in the comment box, e.g. ""multilingual BERT"")"	"XLM-R - only to clean/align the data."	"99.47"	"15.46"	""	""	"16.98"	""	""	""	""	"67.03"	""	""	""	""	""	""	""	""	""	""	""
"70"	"2020-07-16 11:42:39"	"3"	"en"	"790139578"	"2020-07-16 11:34:34"	"2020-07-16 11:42:39"	"YerevaNN"	"en2ru (Russian to English)"	"Neural Machine Translation (NMT)"	""	"transformer"	"The model was fine-tuned from Facebook's WMT19 news translation task winning model, so strictly matches to the architecture of ""wmt19.en-ru.single_model"": Big Transformer with ffnn size of 8192, shared input-output embeddings.
"	"Yes (Please enter details in the comment box, e.g. ""Marian NMT with sequence2sequence..."""	"
Fine-tuned a transformer model with Fairseq, with subword segmentation using FastBPE, tokenization (and punctuation normalization) was performed similarly to Moses (using SacreMoses).
For dataset cleaning/aligning the misaligned samples, we used HuggingFace Transformers in order to use XLM-R for inference.
"	"No"	"Yes"	"Yes (Please enter details in the comment box, e.g. ""MEDLINE corpus supplied by WMT biomedical task organizers"""	"Only the MEDLINE corpus supplied by WMT biomedical task organizers.
Additionally, we made a script to align the misaligned translation-pairs from the provided parallel data using XLM-R.
"	"37201 sentences, with 1458234 tokens in total"	"No"	"No OOD data was used directly, but the base models we had fine-tuned were actually trained on news translation data (See Facebook WMT19 News Translation task submission/winner model for details).
"	""	"No"	"N/A"	""	"N/A"	""	"No"	"N/A"	""	"N/A"	""	"Other"	"Random split of 56 documents, (with ~499 sentence-pairs in total), manually filtered/aligned the misaligned samples."	"No"	"Yes (Please enter details in the comment box, e.g. ""multilingual BERT"")"	"XLM-R - only to clean/align the data."	"486.7"	"11.03"	""	""	"57.84"	""	""	""	""	"417.83"	""	""	""	""	""	""	""	""	""	""	""
"71"	"2020-07-16 11:49:41"	"3"	"en"	"723168910"	"2020-07-16 11:41:13"	"2020-07-16 11:49:41"	"清道夫"	"en2zh (English to Chinese)"	"Neural Machine Translation (NMT)"	""	"transformer"	""	"Yes (Please enter details in the comment box, e.g. ""Marian NMT with sequence2sequence..."""	"Microsoft's MASS model"	"No"	"Yes"	"No"	""	""	"No"	""	""	"Yes"	"Yes"	"14660000"	"No"	""	"No"	"N/A"	""	"N/A"	""	"Yes, a split of the in-domain training dataset"	""	"No"	"Yes (Please enter details in the comment box, e.g. ""multilingual BERT"")"	"MASS"	"509.53"	"50.58"	""	""	"147.93"	""	""	""	""	"311.02"	""	""	""	""	""	""	""	""	""	""	""
"72"	"2020-07-16 11:51:34"	"3"	"en"	"1245297857"	"2020-07-16 11:42:48"	"2020-07-16 11:51:34"	"YerevaNN"	"ru2en (Russian to English)"	"Neural Machine Translation (NMT)"	""	"transformer"	"The model was fine-tuned from Facebook's WMT19 news translation task winning model, so strictly matches to the architecture of ""wmt19.ru-en.single_model"": Big Transformer with ffnn size of 8192, shared embeddings."	"Yes (Please enter details in the comment box, e.g. ""Marian NMT with sequence2sequence..."""	"Fine-tuned a transformer model with Fairseq, with subword segmentation using FastBPE, tokenization (and punctuation normalization) was performed similarly to Moses (using SacreMoses).
For dataset cleaning/aligning the misaligned samples, we used HuggingFace Transformers in order to use XLM-R for inference.
"	"No"	"Yes"	"Yes (Please enter details in the comment box, e.g. ""MEDLINE corpus supplied by WMT biomedical task organizers"""	"Only the MEDLINE corpus supplied by WMT biomedical task organizers.
Additionally, we made a script to align the misaligned translation-pairs from the provided parallel data using XLM-R."	"37201 sentences"	"No"	"No OOD data was used directly, but the base models we had fine-tuned were actually trained on news translation data (See Facebook WMT19 News Translation task submission/winner model for details).
"	""	"Yes"	"No"	""	"Yes"	"195642 english sentences from MEDLINE training & test data from previous years"	"No"	"N/A"	""	"N/A"	""	"Other"	"Random split of 56 documents, (with ~400 sentence-pairs in total), manually filtered/aligned the misaligned samples."	"Yes"	"Yes (Please enter details in the comment box, e.g. ""multilingual BERT"")"	"XLM-R - only to clean/align the data."	"527.39"	"9.47"	""	""	"113.28"	""	""	""	""	"404.64"	""	""	""	""	""	""	""	""	""	""	""
"73"	""	"2"	"en"	"1804577341"	"2020-07-16 15:51:21"	"2020-07-16 15:53:50"	"Ixamed"	"en2eu (English to Basque)"	"Neural Machine Translation (NMT)"	""	"transformer"	""	"Yes (Please enter details in the comment box, e.g. ""Marian NMT with sequence2sequence..."""	"OpenNMT with Transformer"	"Yes"	"No"	""	""	""	""	""	""	""	"N/A"	""	"N/A"	""	""	"N/A"	""	"N/A"	""	""	""	""	""	""	"149.03"	"92.33"	""	""	"56.7"	""	""	""	""	""	""	""	""	""	""	""	""	""	""	""	""
"74"	"2020-07-16 16:47:50"	"3"	"en"	"235182861"	"2020-07-16 16:44:45"	"2020-07-16 16:47:50"	"Ixamed"	"en2es (English to Spanish)"	"Neural Machine Translation (NMT)"	""	"transformer"	""	"Yes (Please enter details in the comment box, e.g. ""Marian NMT with sequence2sequence..."""	"OpenNMT with Transformer"	"Yes"	"No"	"Yes (Please enter details in the comment box, e.g. ""MEDLINE corpus supplied by WMT biomedical task organizers"""	"MEDLINE corpus supplied by WMT biomedical task organizers and TAUS Corona Crisis Corpus"	"1290201"	"No"	""	""	"No"	"N/A"	""	"N/A"	""	"No"	"N/A"	""	"N/A"	""	"Other"	"Yes, Khresmoi."	"No"	"No"	""	"186.89"	"36.16"	""	""	"43.8"	""	""	""	""	"106.93"	""	""	""	""	""	""	""	""	""	""	""
"75"	"2020-07-16 16:50:05"	"3"	"en"	"396666051"	"2020-07-16 16:48:17"	"2020-07-16 16:50:05"	"Ixamed"	"es2en (Spanish to English)"	"Neural Machine Translation (NMT)"	""	"transformer"	""	"Yes (Please enter details in the comment box, e.g. ""Marian NMT with sequence2sequence..."""	"OpenNMT with Transformer"	"Yes"	"No"	"Yes (Please enter details in the comment box, e.g. ""MEDLINE corpus supplied by WMT biomedical task organizers"""	"MEDLINE corpus supplied by WMT biomedical task organizers and TAUS Corona Crisis Corpus"	"1290201"	"No"	""	""	"No"	"N/A"	""	"N/A"	""	"No"	"N/A"	""	"N/A"	""	"Other"	"Yes, Khresmoi."	"No"	"No"	""	"108.25"	"12.12"	""	""	"19.1"	""	""	""	""	"77.03"	""	""	""	""	""	""	""	""	""	""	""

