doc1	1	Parkinson gaixotasunaren biomarkatzaile klinikoen paperaren azterketa, ikuspegi epidemiologiko batetik
doc1	2	Parkinson gaixotasuna (PG), mugimenduen nahasmenduekin erlazionatutako gaixotasun neurodegeneratibo bat da.
doc1	3	Populazio totalaren prebalentzia % 0,1-0,3 inguruan dago eta haren etiologia ez da guztiz ezaguna oraindik.
doc1	4	Nahiz eta klasikoki gaixotasun motor bezala definitu izan den, badaude gaixotasunaren hasierako faseetan presente egon ohi diren zenbait sintoma ez motor (SEM) gaixoen % 90ean. Horien artean daude nahaste disautonomikoak, sintoma sentsorialak eta emozionalak, eta lo-nahasmenduak.
doc1	5	Sintoma horiek goiz agertzen direnez, garrantzitsuak dira biomarkatzale klinikoak bilakatu daitezkeelako.
doc1	6	Forma genetikoak PGaren kasuen % 15 dira eta ideia horren inguruan 2004. urtean LRRK2 genearen lehen mutazioa aurkitu zen, orain arte gaixotasuna garatzeko arriskua areagotzen duen faktore genetiko garrantzitsuena.
doc1	7	Mutazio horietako bat euskal jatorriko biztanleen artean ohikoa zela ohartu ziren.
doc1	8	Testuinguru horretan, gaixotasunaren prebalentzia jakin nahian, ikerketa epidemiologiko bat egin zen 2009an Azkoitian eta Azpeitian.
doc1	9	Prebalentziaz gain, beste zenbait aldagairen artean, biomarkatzaile horien maiztasuna ere aztertu zen.
doc1	10	Lagin berbera hamar urte pasa ondoren aztertzea interesgarria litzateke, adina, SEMen agerpena edota ingurumen-faktoreen garrantzia ikertzeko.
doc1	11	Medikuntzako Gradu Amaierako Lana izan den ikerketa honetan, 2009an parte hartu zuten 232 pertsonetatik, 173ren informazioa jaso ahal izan da.
doc1	12	Emaitzek diotenez, lagineko adinaren igoerarekin bat, PGaren kasuen gorakada egon da.
doc1	13	Gainera, REM loaren jokabide-alterazioak etorkizunean PGa garatzeko arriskua iragar lezakeen biomarkatzaile nagusia direla ikusi da.
doc1	14	Emaitza hauek guztiak lanak dituen mugekin aztertu behar dira, laginaren tamaina txikia baita.
doc2	1	Euskarazko arreta espezializatuaren aktibazioa Osakidetzako Barrualde-Galdakaoko Erakunde Sanitario Integratuan
doc2	2	2015ean gure eskualdeko herritarren hizkuntza-hautua erregistratzen hasi ginen, hau da, jardun asistentzialean ahoz zein hizkuntzatan komunikatu nahi zuten.
doc2	3	Lanketa hori hastearekin batera, berriz, argi ikusi genuen, gure profesionalen hizkuntza gaitasunaren argitan, giza baliabideok berrantolatu egin behar zirela, herritarraren hizkuntza-hautuaren araberako osasun-arreta eskaintzeko.
doc2	4	Eta halaxe egin dugu, lehen mailako arretan hasteko, eta ondoren, arreta espezializatuan.
doc2	5	Egun, arreta espezializatuko kanpo-kontsultetan euskarazko eskaintza aktibo finko zabala daukagu.
doc3	1	Badirudi protoi-ponparen inhibitzaileek hipomagnesemia eragin dezaketela
doc3	2	Protoi ponparen inhibitzaileek hipomagnesemia eragin dezakete.
doc3	3	Heterogeneotasuna altua denez, ezin da behin betiko ondoriorik atera.
doc3	4	Heterogeneotasuna jaisteko azpitaldeak egin dira, eta horietan ez dago diferentzia estatistikoaren aldetik esanguratsurik.
doc4	1	Txertoek ez dute autismorik eragiten
doc4	2	1.256.407 pertsona biltzen dituen ikerketan ez da erlaziorik ikusi txertaketaren eta autismoaren artean.
doc4	3	Egindako azpitaldeetan (txerto motaren eta ondorioaren araberakoak) ez da diferentzia estatistikoki esanguratsurik ikusi.
doc5	1	Hiperkolesterolemia Familiarra: patofisiologia, diagnostikoa eta tratamendua
doc5	2	Gaixotasun kardiobaskularra (CVD) mundu-mailan heriotza gehien eragiten duen gaixotasuna da eta haren garapena oso lotuta dago dieta eta bizimodu sedentarioarekin.
doc5	3	Hala ere, banako batzuek faktore genetikoak direla-eta gaixotasuna pairatzeko arrisku handiagoa dute.
doc5	4	Hiperkolesterolemia Familiarra (HF), gaixotasun autosomiko gainartzailea da, eta bereziki, 3 gene ezberdinetan gertatzen diren mutazioen ondorio da.
doc5	5	Gaixotasun honek eragindako plasma LDL kolesterol (LDL-C) maila altuek CVD pairatzeko arriskua nabarmenki handitzen dute.
doc5	6	Hori dela-eta, lan honetan HFa sortzen duten faktore genetikoei, gaixotasunaren diagnosiari, tratamenduari eta HFaren eta CVDaren arteko erlazioari buruzko errebisio bibliografikoa egin da.
doc6	1	Nutrizioaren garrantzia alboko esklerosi amiotrofikoan: arreta nutrizionala
doc6	2	Alboko esklerosi amiotrofikoa (AEA) garuneko zein bizkarmuineko motoneuronen galera progresiboa sortzen duen gaixotasun neurodegeneratiboa da.
doc6	3	AEA izateak zuzenean eta era negatiboan eragiten dio gaixoaren nutrizio-egoerari.
doc6	4	Desnutrizioa oso ohikoa den sintoma da AEA duten gaixoengan eta muskuluen eta immunitatearen ahuldura dakar, eritasuna areagotuz eta biziraupena gutxituz.
doc6	5	Desnutrizioa faktore prediktibo independentea dela frogatu da hainbat ikerketatan.
doc6	6	Hori dela-eta, oso garrantzitsua da balorazio nutrizional goiztiarra eta aldizkakoa egitea AEA duten gaixoetan, elikadura gaixoaren egoera klinikora egokitzeko une oro.
doc7	1	Gulloren Sindromea (Pankreako Hiperentzimemia Onbera): Euskal Herriko lehen bi kasuen aurkezpena
doc7	2	Gulloren sindromea pankreako hiperentzimemia onbera da, pertsona osasuntsuetan agertzen da eta denboran zehar mantentzen da. Entzima pankreatikoen balioen fluktuazio handia eta normalizazio iragankorra ditu ezaugarritzat eta ez dago pankreako gaixotasunen inolako froga kliniko edo morfologikorik.
doc7	3	Ez da eritasuna, nahasmendu onbera baizik, baina bere diagnostiko zuzena egitea garrantzitsua da ikerketa, tratamendu, ospitaleratze eta osasun-egoerarengatiko kezka antzuak saihesteko.
doc8	1	Hormona antidiuretikoaren (SIADH) jariatze desegokiaren sindromea, biriketako zelula txikietako minbizia aurkezteko modu gisa
doc8	2	Biriketako zelula txikietako minbizia (SCLC Small cell lung cancer) birika minbizi guztien %15-20 da.
doc8	3	Beste tumore solidoen aldean, biriketako zelula txikiko kartzinoma urrutira metastatizatzeko joera duen hazkuntza azkarreko tumore solidoa da.
doc8	4	Alde batetik, tokiko klinikari dagokionez, ohikoa dira eztula, mina, arnasestua, sibilantziak edo atelektasia.
doc8	5	Bestetik, urrutiko mestastasiei dagokionez, maizen eragina jasotzen duten organoak hezurra, gibela eta nerbio sistema dira.
doc8	6	Azkenik, aipatzekoa da cushing sindromea, ADH jariatzea desegokiaren sindromea edota Eatom-Lambert sindromea bezalako síndrome paraneoplasikoak sortzeko joerarik handiena dutenen tumore solidoen artean dagoela.
doc8	7	Ondoren gure zerbitzuan ADH jariatzea desegokiaren sindromearengatik agertutako hiponatremia larria zela eta ingresatuta izandako gaixo baten kasua aurkezten dugu, birikietako zelula txikietako minbiziak behin betiko diagnostikoa izateko duen aukera azpimarratzeko.
doc9	1	Malformazio arteriobenoso zerebralak maneiatzea
doc9	2	Garuneko malformazio arteriobenosoak (MAV) tratatzeko erradiokirurgiaren helburu nagusia malformazio horien obliterazioa eragitea da.
doc9	3	66 urteko pazientea, enbor garezur-entzefalikoaren (TCE) mesentzefaloan MAVa, III mailakoa -Spetzler-Martinen balorazio-eskalaren arabera-, diagnostikatu zaio, eta odoljario tetrabentrikularrarekin debuta egin du.
doc9	4	MAVa erradiokirurgiaz tratatzen zaio, eta horren obliterazioa urte beteren buruan egiaztatzen da, eta ez du harekin lotutako morbilitaterik.
doc9	5	Erradiokirurgia oso tratamendu erosoa da pazientearentzat garuneko MAVak tratatzeko, eta aukera ematen du haren bi alternatiben (kirurgia eta enbolizazio endo baskularra) antzeko emaitzak lortzeko, eraginkortasunari dagokionez, eta gaixotze-tasa eta heriotza-tasa txikiagoak dira.
doc10	1	Juan Ramón Jiménezeri, Literaturako Nobel Saria, hurbilketa psikopatologikoa
doc10	2	Juan Ramón Jiménezen, Literaturako nobel saria 1956ean, eta bere emaztearen, Zenobia Camprubí, bizitzaren bildumen biografikoa egin ondoren, poetak bere bizitzan zehar aurkeztu ahal izan zuen psikopatologiari hurbilketa egiten da, ondorioztatzen beti egongo direla zalantzak jasan zuen gaixotasun edo gaixotasunei buruz, ia atzera begirako azterketa psikiatriko guztiekin gertatzen den bezala, nahiz eta oso gertagarri dirudi nahasmendu depresibo errepikakorra azaltzea.
doc10	3	Agian pertsonalitate ezaugarri anomaloak azaldu zituen, baina honek ezin gaitu eraman ziurtatzera, dudarik gabe, nortasunaren nahasmendua jasan zuela.
doc11	1	55 urtetik gorako ikasleen onura psikologikoa Euskal Herriko Unibertsitateko Esperientzia-Geletan
doc11	2	Gaur egun, bizi-esperantza handitzen ari da mundu mailan.
doc11	3	Urte gehiago bizi garen heinean, beharrezkoa da nagusientzako osasuntsua eta kalitatezkoa den bizitza lortzea.
doc11	4	Pertsona nagusietariko asko erretiraturik daude eta, horregatik, garrantzitsua da horientzako guneak sortzea eta gizartean integratzea.
doc11	5	Ikerketa honen helburua honakoa da: unibertsitateak, pertsona nagusien egoera emozionala hobetzen duela frogatzea. Hipotesiaren oinarria honetan datza: Euskal Herriko Unibertsitateak dituen esperientzia-gelek hobetu egiten dutela ikasleen bizi kalitatea.
doc11	6	Euskal Herriko Unibertsitateko esperientzia-geletako 55 urtetik gorako 63 ikasle ebaluatu zituzten BSI (Brief Symptom Inventory) bitartez.
doc11	7	Datu soziodemografikoak ere bildu zituzten.
doc11	8	Beraz, bizi-itxaropena igotzen doanez, garrantzitsua da ekonomia eta gizartea ere eraldatzea mundu mailan.
doc11	9	Pertsona nagusientzako errekurtsoak sortu behar dira, erretiratu badira ere, osasun fisiko eta psikologiko oso ona dutelako.
doc11	10	Isolamenduari aurre egin behar zaio eta osasun mentaleko arazoei aurre egin behar zaie, kalitatezko bizitza izan dezaten.
doc12	1	Gaixoa dialisi peritonalean
doc13	1	D bitamina mailaren azterketa populazio desberdinetan
doc13	2	Ikerlan askok D bitamina gutxiegitasun eta eskasiaren prebalentzi altua aurkitu dute, bai populazio osasuntsuan bai patologia desberdinak dituzten gaixoetan.
doc13	3	Bestalde, D bitamina eskasiak patologia hauen garapenean eragina izan dezaketela uste da.
doc13	4	Ikerlan honen helburua hiru talde desberdinetan (gazte osasuntsuak, hipotiroidismo autoinmunea duten gaixoak eta infekzio osteartikularra dutenak) D bitamina odol-mailak neurtzea eta gure emaitzak beste ikerlan batzuetan aurkitutakoekin konparatzea izan da.
doc13	5	260 partehartzaile hiru talde desberdinetan banatu ziren: 100 gazte osasuntsu, hipotiroidismo autoinmunea duten 125 gaixo eta infekzio osteoartikularra duten 35 gaixo.
doc13	6	D bitaminaren (25(OH)D) egoki tasuna (≥ 30 ng/ml), gutxiegitasuna (21-29 ng/ml) eta eskasiaren (≤ 20 ng/ml) prebalentziak neurtu ziren.
doc13	7	Aztertutako partaide guztien artean, %15,4k bakarrik izan zuen D bitamina balio normala, %43k D bitamina gutxiegitasuna zuen eta %41,5ak eskasia.
doc13	8	D bitamina eskasiaren prebalentzia gazteen taldean %21ekoa izan zen, hipotiroidismoa zuten gaixoen artean %49,6koa eta infekzio osteoartikularra zutenetan %62,9koa.
doc13	9	D bitamina balio egokia gazte osasuntsuen %22ak izan zuen, hipotiroidismoa zuten gaixoen %12,8ak eta inkekzio osteoartikularra zutenen %2,9ak.
doc13	10	D bitamina eskasiaren prebalentzia oso altua izan zen gure hiru populazioe tan, argitaratu diren beste ikerlanetan gertatu den antzera.
doc13	11	Datu hauetan oinarriturik, D bitamina eskasia izateko arriskua duten populazioetan, hormona honen neurketa serikoa egin beharko litzateke (adibidez, hipotiroidismo edo infekzio osteoartikularra dutenetan) eta, bestalde, biztanleri orokorrean, baloratu beharko litzateke elikagaiak D bitaminaz osatu behar diren.
doc14	1	Infekzioa giza T zelulen birus linfotropikoaren eraginez Espainian – 30 urteko eboluzioa (1986-2016)
doc14	2	Giza erretrobirusak ornodunak infektatzen dituen birus talde bat dira, eta gaitzak eragin diezazkiekete.
doc14	3	Giza T zelulen birus linfotropikoa (Human T-cell lymphotropic virus, HTLV) Retroviridae familiakoa da, eta gaurdaino lau aldaera filogenetiko deskribatu dira: HTLV 1, HTLV-2, HTLV-3 eta HTLV-4.
doc14	4	1986. urtean, HTLV-1 erretrobiruserako antigorputz naturalen maiztasuna aztertu zen Espainian.
doc14	5	30 azterketa urtetan, infekzioa daramaten 327 pertsona aurkitu dira.
doc14	6	HTLV-2 infekzioari dagokionez, 1990. urtean, lehendabiziko 2 kasuak detektatu ziren.
doc14	7	Ordudanik eta 2016ko abendu arte, 793 aurkitu dira.
doc14	8	Gaurdaino, ez dago ebidentziarik Estatuan HTLV-3 eta HTLV-4 erretrobirusen infekziorik badagoela esateko.
doc14	9	HTLV bidezko infekzioa zain geratzea eskatzen duen erronka da.
doc15	1	Leptospirak eta Bilboko itsasadarreko osasun-krisia
doc15	2	Itsasadarreko proba batean joan den maiatzean parte hartu zuten hainbat triatletarengako leptospirosis infekzio existentziaren Bilboko komunikabideetako informazioak, eztabaida bizia eragin du Bilboko ibai-ibilbidearen erabileren inguruan.
doc16	1	Talidomidak hobetu dezake hesteetako arteria-zainetako malformazioek eragindako odoljario kroniko errefraktarioa
doc16	2	Burdinarekin konparatuz talidomidak % 67 gutxitu dezake odoljarioen kopurua, % 37 transfusio-beharra, % 54 ospitaleratzea, eta gaixoen % 46ri odoljarioa gelditzea lortu du.
doc16	3	Gaixo kopurua txikia denez, saiakuntza gehiago behar dira emaitzak baieztatzeko.
doc17	1	Canavan gaixotasuna (aspartoazilasaren gabezia): Euskal Herriko lehen kasuaren eta Europako mutazio berri baten aurkezpena
doc17	2	Canavan gaixotasuna haurtzaroko eritasun neurodegeneratibo genetiko eta metaboliko arraroa da eta ikusmen-nahasmenduak, akats neurologikoak eta ondorio larriak eragin ditzake.
doc17	3	Ez dago tratamendu sendagarririk, baina litio zitratoa ikertzen ari dira.
doc17	4	Euskal Herrian diagnostikatu den Canavan gaixotasunaren lehen kasuaren eta Europan lehenbizikoz aurkitutako mutazio berri baten aurkezpena egin dugu.
doc18	1	Taxus baccata intoxikazioa
doc18	2	Taxus baccata munduko zuhaitz toxikoenetako bat da.
doc18	3	Taxanoak eta alkaloide toxikoak dauzka: taxina da arriskutsuena.
doc18	4	Landare ohikoa da gurean eta erabat arriskutsua izan daiteke; haatik, hagin-intoxikazioa nahiko bakana da.
doc18	5	Kasuak nahita edo ezbeharrez gerta daitezke.
doc18	6	Hortaz, gertaera susmagarrien orientazio eta diagnostiko azkarra egitea garrantzitsua da, arin artatzeko.
doc18	7	Gizonezko batek hagin-hosto ugari irentsi zuen suizidatzeko asmoz eta sintomarik gabe ospitaleratu zuten.
doc18	8	Arnas alkalosia, konorte-galera eta takikardia bentrikularra jasan zituen ondoren.
doc18	9	Urgentziaz tratatu zuten eta astebetean guztiz suspertu zen.
doc18	10	Ez dago intoxikazio hau orienta dezakeen alterazio analitiko espezifikorik.
doc18	11	Laborategi klinikoetan ez da taxinaren konposatuen analisia egiten.
doc18	12	Behin betiko diagnostikoa 3,5-dimetoxifenola (taxinaren metabolitoa) neurtuz konfirmatu zen, gas-kromatografia eta masa-espektrometria bidez.
doc18	13	Laginak Toxikologia Institutuan analizatu ziren.
doc19	1	Haurdunaldiari eta edoskitzaroari lotutako bular-patologiaren berrikuspena
doc19	2	Lan honen helburua da haurdunaldi eta edoskitzaroan zehar ager daitezkeen bular-patologien aurkezpen kliniko-erradiologiko ohikoena eta paziente horien maneiu egokiena aztertzea.
doc19	3	Haurdunaldi eta edoskitzaroan zehar, gorputzeko maila askotan aldaketa fisiologikoak eragingo dituzten gorabehera hormonal nabariak gertatuko dira.
doc19	4	Hormona-estimulu horien eraginpean diren ehunen artean bularra aurkitzen da, aldaketa fisiologikoez gain batzuetan patologia ere jasango duena.
doc19	5	Garai horietan aurkitzen den bular-patologia gehiena onbera izango da, eta diagnostiko ohikoenen artean galaktozelea, mastitis infekziosoa, fibroadenoma eta edoskitzaroko adenoma ditugu.
doc19	6	Horiek ezagutzea ezinbestekoa da edozein erradiologorentzat, patologia gaiztoarekin ez nahastu eta pazienteen maneiu kliniko egokia bermatzeko.
doc19	7	Diagnostikoa duten kasu gehienak sintomak agertzen dituzten emakumeetan aurkitzen dira, eta agerpen berriko lesio ukigarria da kontsulta-arrazoi nagusia.
doc19	8	Bular-ekografia da paziente horien miaketan erabilitako aukerako teknika diagnostikoa; gainerako teknikak, berriz, soilik beharren arabera eta aurkikuntza ekografikoak osatzeko erabiliko dira.
doc19	9	Haurdunaldi eta edoskitzaroari loturiko bular-minbizia, patologia onbera baino askoz bakanagoa bada ere, gaur-gaurkoz minbizirik ohikoena da eta haren diagnostiko azkarra ezinbestekoa da, tumore-batzorde baten bitartez pazienteari ahalik eta atentzio azkarren eta osatuena bermatzeko.
doc20	1	Terapia antidepresiboaren azken pausoak: oraina eta geroa
doc20	2	Depresioa gaixotasun psikiatriko ohikoenen artean dago, eta haren intzidentziaren gorakada etengabea da.
doc20	3	Depresioaren jatorria eta mekanismo etiologikoak azaltzen dituzten hainbat teoria garatu diren arren, gaixotasunaren oinarri neurobiologikoaren alderdi asko ezezagunak dira oraindik.
doc20	4	Hipotesi esanguratsuenak depresioaren teoria monoaminergikoa, neurotrofikoa eta neuroinflamatorioa dira, eta horien eta beste batzuen jatorria, ebidentziak eta xehetasunak aditzera ematen dira berrikuspen honetan.
doc20	5	Iraganean depresioa tratatzeko farmakoen aurkikuntza zorizkoa izan da, eta haien ekintza-mekanismoen ikerketak gaixotasunean ageri diren nahasmendu neurobiologikoei buruzko ezagutza eman digu.
doc20	6	Patologiaren tratamendu farmakologikoaren oinarrian antidepresibo klasikoak daude: monoaminooxidasaren inhibitzaileak, antidepresibo triziklikoak eta monoaminen birxurgapenaren inhibitzaileak.
doc20	7	Trazodona eta mirtazapina antidepresiboak, profil farmakodinamiko konplexuagokoak, urte batzuk geroago garatu ziren.
doc20	8	Farmako talde horien eragin desiragaitz ohikoak ekiditeko eta tratamenduaren eraginkortasuna hobetzeko xedez ekintza-mekanismo alternatiboak esploratu dira, eta ikerketa horietatik sortu dira, esate baterako, agomelatina, tianeptina eta bortioxetina. Horien eraginkortasuna eta erabilera oso mugatuak dira, dena den.
doc20	9	Ketamina, aldiz, denbora laburrean depresioaren tratamenduaren iraultza abian jarri duen substantzia izan da, sintomen hobekuntza nabarmena eta azkarra erakutsi duelako entsegu anitzetan, segurtasun eta tolerantzia egokiarekin batera.
doc20	10	Azkenik, nabarmentzekoak dira substantzia haluzinogenoak, depresioaren eta beste gaixotasun psikiatrikoen tratamendurako erakutsi duten potentzial izugarriari esker.
doc20	11	Depresioari dagokionez, psilozibina da psikodelikoen artean azpimarragarriena: paziente deprimituen hobekuntza azkarra eta iraunkorra eragiten badu ere, haren mekanismo antidepresiboak ezezagunak dira, eta horiek argitzeko entseguak ikerketaren gailurrean daude egun.
doc21	1	Ariketa fisikoaren eragina kognizio-galera duten adindu instituzionalizatuen funtzio kognitiboan eta fisikoan: berrikuspen sistematikoa
doc21	2	Azken urteotan kognizioaren galeraren prebalentzia handitu egin da adinduen artean, mendekotasuna pairatzeko eta instituzionalizatuak izateko arrazoietako bat izanik.
doc21	3	Literaturaren arabera, ariketa fisikoak hobekuntzak eragin ditzake adinduetan, eta zehazki kognizioaren galera dutenetan, bai funtzio kognitiboan zein funtzio fisikoan.
doc21	4	Hala ere, aldaketa horiek eragiteko ariketa motari buruzko adostasunik ez da aurkitu.
doc21	5	Horrela, berrikuspen sistematiko honen helburu nagusia da ausazko entsegu kliniko desberdinetan aztertzea zer eragin daukan ariketa fisikoak galera kognitiboa duten adindu instituzionalizatuen funtzio kognitiboan.
doc21	6	Bigarren mailako helburu gisa, funtzio fisikoan ere ariketa fisikoak nola eragiten duen aztertu nahi izan da.
doc21	7	Hori lortzeko Pubmed datu-basean ausazko entsegu klinikoen bilaketa sistematikoa egin da barneratze- eta kanporatze-irizpideak kontuan izanda.
doc21	8	PEDro eskalaren bitartez ikerketen kalitate metodologikoa balioztatu da.
doc21	9	Guztira berrikuspenean 7 ikerketa aztertu dira.
doc21	10	Ikerketa guztietan interbentzio-taldeetan ariketa fisiko aerobikoa edo osagai anitzeko ariketa fisikoa egin zen.
doc21	11	Funtzio kognitiboari dagokionez, 3 ikerlanetako interbentzio-taldeek estatistikaren aldetik modu esanguratsuan hobera egin zuten, beste hirutan ez zen emaitza adierazgarririk aurkitu, eta azken taldean emaitzak nabarmen eskastu ziren.
doc21	12	Funtzio fisikoari dagokionez, emaitzak askotarikoak izan ziren.
doc21	13	Ariketa fisikoak efektu positiboak ditu adindu instituzionalizatuen funtzio kognitiboan, nahiz eta kognizioaren galeraren mailaren arabera emaitzak aldakorrak izan.
doc21	14	Era berean, funtzio fisikoan ere hobekuntzak ikusi direla aipagarria da, nahiz eta kasu gehienetan emaitzak estatistikoki adierazgarriak ez izan.
doc22	1	Gernu-erretentzioan maskuria zundatzean deskonpresio azkarrak ez dauka pixkanakako deskonpresioak baino konplikazio-arrisku gehiagorik
doc22	2	Gernu-erretentzio akutuan maskuria zundatzea eta deskonpresioa azkar egitea metodo segurua, azkarra eta erosoa da.
doc22	3	Konplikazioei dagokienez, deskonpresio azkarraren eta pixkanakakoaren artean ez dago estatistikaren aldetik esanguratsua den desberdintasunik.
doc23	1	Iktusa jasan duten pazienteetan ohikoak diren erizaintza-diagnostikoak
doc23	2	Iktusa garuneko zirkulazioaren asaldura batek eragindako garuneko funtzio baten edo batzuen asaldura akutua da, iraunkorra zein iragankorra.
doc23	3	Gaixotasun hori jasan dutenetako askok laguntza behar izaten dute desgaitasunaren maneiuan eta errehabilitazio-prozesuan.
doc23	4	Erizainak eginkizun garrantzitsua du alor horretan.
doc23	5	Artikulu honetan erizainaren lana bideratzen duten erizaintza-diagnostiko ohikoenen berri ematen da.
doc24	1	Covid-19 gaixotasuna: tratamenduaren bilaketa eta azterketa sistematikoa
doc24	2	Aztertu diren farmakoek ez dute PCR konbertsioa positibotik negatibora azkartzen.
doc25	1	Farmazia-prestazioa, zer sendagai ordainduko dira eta zer preziotan?
doc25	2	Osasun-sistema publikoko farmazia-prestazioaren barruan biztanleriaren behar klinikoak aseko dituzten eta funts publikoekin ordainduko diren sendagaiak jasotzen dira.
doc25	3	Hego Euskal Herrian, sendagai horien aukeraketan zenbait organismok parte hartuko dute.
doc25	4	Organismo horien erabakiak publikoak dira eta online kontsulta daitezke zenbait web-orrialdetan.
doc26	1	Bakardadeak, COVID-19aren sintomez haragoko sufrimendua
doc26	2	Bidelagun ankerra da Covid-19a.
doc26	3	Pazienteei eragiten dizkien sintomez eta osasun-ondorioez gainera, badu beste ondorio bat, gogorra eta sendaezina: bakardadea.
doc26	4	Gaixoaren bakardadea eta familiarena, gaixoarengana hurbiltzerik ez duelako.
doc26	5	Asko dira bakarrik joandakoak.
doc26	6	Gu ere zauritu gaitu bakardade horrek, baina zauriak ixteko aukera izan dugu.
doc27	1	Nicolás Achucarro Lund: Lehen euskal neurozientziaren zirriborro biografikoa
doc27	2	Nicolás Achúcarro Lund mediku bilbotarraren biografia laburra egiten da.
doc27	3	Hain zuzen ere, askok lehenengo euskal neurozientzilaritzat duguna, izandako nazioarteko entzute eta garrantzia dela eta.
doc27	4	Bere bizitzaren hainbat garai aztertzen dira, hala nola; familia, lehenengo ikasketak, medikuntza ikasketak, neuropsikiatrian eginiko espezializazioa, ameriketako egonaldia, Espainiarako itzulera, gaixotasuna, heriotza eta hilondoko gorespenak.
doc28	1	Nicolás Achúcarro-ren Ameriketako garaia: Washington D. C.-ko Santa Isabel Ospitaleko histopatologoa (1908-1910)
doc28	2	1908ko irailean, Nicolas Achúcarro euskal neuropsikiatrak Municheko Klinika Psikiatrikoa utzi eta Washingtongo Gobernu Ospitale Psikiatrikora joan zen, ospitale horretako laborategi histopatologiko berria zuzentzeko enkarguarekin.
doc28	3	Era guztietako baliabide materialekin eta jarduteko askatasun handiarekin, laborategia martxan jarri zuen eta ospe zientifiko sendoa merezi zuten artikulu batzuk argitaratu zituen.
doc28	4	Achúcarro Washingtonen egon zen 1910eko maiatzaren 14ra arte, non dimisioa eman zuen eta Madrilera joan zen Santiago Ramón y Cajalekin lan egitera bere Ikerketa Biologikoen Laborategian.
doc28	5	Bi urte geroago, 1912ko irailean, New Yorkeko Fordham Unibertsitateak Medikuntza eta Nerbio Gaixotasunei buruzko Nazioarteko Ikastaroan parte hartzera gonbidatu zuen, Henry Head Londresko Unibertsitateko neurologoarekin eta Carl G. Jung psikoanalista suitzarrarekin batera, besteak beste.
doc28	6	Garai honetako idazkiak, familiari bidalitako gutunak eta garaiko prentsa abiapuntutzat hartuz, artikuluak Achúcarrok Estatu Batuetan egindako lanak aztertzen ditu, baita neurozientziei egindako ekarpen nagusiak ere, 37 urterekin hil zen arte.
doc29	1	Achucarro Basque Center for Neuroscience, ezagutu sendatu ahal izateko
doc30	2	Achucarro ikerketa-zentroa 2012an eratu zen, Eusko Jaurlaritzaren eta Euskal Herriko Unibertsitatearen (EHU) ekimenez, Euskadin neurozientzien garapena sustatzeko.
doc30	3	Bere ekintza-ildo estrategiko nagusia burmuin osasuntsu eta gaixoaren zelula glialen biologia aztertzea da, ikerketa honetan espezializatuta dagoen eta azken urteotan garapen handia izan duen munduko zentro bakarrenetakoa delarik.
doc30	4	Zentroak bokazio mediko translazional handia du (sendatzeko ezagutzea) eta bere azken helburua nerbio-sistemako gaixotasunen tratamendu eraginkor berriak aurkitzea da.
doc31	1	Ospitale-asistentzia psikiatrikoa Bizkaian.
doc31	2	Graziako Andre Mariaren Ospitaletik (Zaragoza) eta Bilboko kartzela-galeratik, Nicolás Achúcarro Institutu Neuropsikiatrikora (egungo Zamudio Ospitalea)
doc31	3	Ibilbide historikoa Bizkaiko ospitaleko asistentzia psikiatrikoaren jatorrian eta gorabeheretan, XIX. mendearen hasiera eta garaiko asistentzia-baldintza izugarriak abiapuntutzat hartuta.
doc31	4	Hasiera batean, inorenganatu akutuek, garai hartan Achuriko ospitale nagusian sartzea debekatua izan zuten, Urazurrutiako lehen galera kartzelan jasoz, eskale, gaizkile eta prostitutekin batera.
doc31	5	"Bere egoera mantentzen bazen, lurraldean ""dementeentzako"" erakunderik ez zegoenez, gaixoak beste probintzia batzuetara eraman behar izaten ziren, familia- eta gizarte-guneetatik oso urrun zeudenak, zeinengandik, lehenago edo geroago, erabat deserrotuta geratzen baitziren hamarkada askotan kontatzen ziren egonaldiekin."
doc31	6	"Probintziako eroetxe bat data luzeko asmo bat izan zen, baina azkenean ez zen osorik amaitu, erantzun partzialekin, 1900. urtean Bermeoko ospitalea, udal-gobernukoa eta berehala gainezka egina, edo, ondoren, Zaldibarko bainuetxe zaharra, 1923an ""behin-behinean"" ospitale-helburuetarako erabiltzeko."
doc31	7	Ordutik aurrera, hainbat saiakera egin ziren eroetxe probintzialaren auziari berriro heltzeko, ingurutik kanpo ere zetozen eskandalu eta salaketa batzuekin, XX. mendearen azken herenera arte huts egindako eta hainbat proposamenen segida harrigarria osatuz.
doc31	8	Beste askoren artean, proiektu handizaleena 30eko hamarkadaren hasieran Zamudioko lurretan (gaur egun Derio) bultzatutakoa izan zen. Bertan, ospitale-makro konplexu bat prestatu zen, hasieran 1.300-1.500 gaixo hartzeko, eta, azkenik, 1951n Bilboko Gotzaindegira transferitu zen, mintegi bat egiteko.
doc31	9	60ko hamarkadaren amaieran gauzatu zen klinika psikiatrikoaren proiektu berri bat, askoz apalagoa ohe kopuruari dagokionez, baina asmo handiagokoa helburu terapeutikoei dagokienez, gaur egungo Bizkaiko Osasun Mentaleko Sareko Zamudio Ospitalea, Osakidetza.
doc32	1	Garuneko metastasien erradioterapia estereotaxikoa (SRS)
doc32	2	Azken 30 urteotan egin diren garuneko metastasi bakarren edo anizkoitzen (1etik 4ra, 5etik 10era arteko metastasi) tratamendu lokalaren modalitateen azterketa egiten da, erradiokirurgia estereotaxikoaren erabilera tratamendu-modalitate bakar gisa lortzen ari den zeregin erabakigarria azpimarratuz.
doc33	1	Biriketako oligometastasien erradioterapia estereotaxikoa (SBRT)
doc33	2	Biriketako gaixotasun oligometastasikoaren tratamendu lokalaren aukeren azterketa egiten da, garezurretik kanpoko erradioterapia estereotaxikoaren (SBRT) erabilera gaixotasunaren kontrol lokalean lortzen ari den zeregin erabakigarria azpimarratuz.
doc34	1	Urologia: nondik gatozen eta norantz goazen
doc34	2	Hamarkadotan, urologiak espezialitate gisa, garrantzi handia eskuratu du kirurgia orokorretik at.
doc34	3	Aurrerapen hori, gaixotasun urologikoen prebalentzia handiaren eta horrek ekonomian eta gizartean duen eragin itzelaren ondorio da, baita berrikuntza teknologiko nabarmenen eta sistema genitourinarioko patologiak tratatzeko terapia medikoen ondorio ere.
doc35	1	Bihotzeko irudiaren gaineko teknika berriak
doc35	2	Artikulu honetan, elektrokardiograma eta ekokardiograma bezelako ohiko proben osagarri erabili ohi diren hiru teknika aurreratu dira mintzagai: hiru dimentsioko (3D) ekokardiografia, koronarioetako ordenagailu bidezko tomografia axiala (OTA) eta bihotzeko erresonantzia magnetikoa (EM).
doc36	1	Kardiologia interbentzionistako aurrerapenak
doc36	2	Kardiologia interbentzionista, bihotzeko gaixotasunen diagnostikoaz eta tratamendu perkutaneoaz arduratzen den azpiespezialitatea da.
doc36	3	Teknologiarik aurreratuenez hornitutako gela hemodinamiko digitalizatu batean egiten dira prozedurak.
doc37	1	Urrats berriak bihotzeko elektrofisologian
doc37	2	Ohiko jardunbide klinikoan eraginik handiena duten bihotzeko elektrofisiologiaren garapen-arloak dira aztergai testuan: nabigazio-sistemak eta arritmien ablazioa, kablerik gabeko estimulazio kardiakoa, bihotzeko gutxiegitasuna gailuekin tratatzea, bat-bateko heriotzaren lehen eta bigarren mailako prebentzioa desfibriladoreren bidez eta arritmien kirurgia.
doc38	1	Herpes genitalaren ikerketa epidemiologiko, kliniko eta mikrobiologikoa Bilbo hirian
doc38	2	Herpes genitala (HG) osasun publikoaren arazo garrantzitsua da.
doc38	3	MOEaren azken seroprebalentzia ikerketaren arabera bi herpes sinple birus (HSB) motek eragindako HGaren prebalentzia munduan 500 milioi pertsonakoa da.
doc38	4	Azken hamarkadetan 1 motatako HSBak eragindako HGaren kasuek gora egin dute, emakume gazteetan bereziki.
doc38	5	Ikerketa honen helburua gure ingurunean HGaren intzidentzia, HSB mota bakoitzaren proportzioa eta gaixoen ezaugarri epidemiologiko, kliniko eta terapeutikoak ezagutzea da.
doc38	6	2004ko urtarrila eta 2015eko abendua bitartean, Bilbo-Basurtu ESIko STGen kontsultetan zaindutako pazienteetan oinarrituriko ikerketa epidemiologiko deskribatzaile erretrospektiboa.
doc38	7	Lortutako emaitzen arabera, HGa duten pazienteen intzidentziak gora egin du, batez ere 1 motatako HSBaren infekzioa duten gaixoena.
doc38	8	Azken hauek, 2 motatako HSBaren HGa duten pazienteekin alderatuz, emakume gazteak dira, primoinfekzio genitala paraitu ohi dute, euren bikotekideen aho-ezpainetako lesio herpetikoekin kontaktua izaten dute eta praktika sexual oralak eta joera homosexuala duten gizonak ohikoagoak izaten dira talde honetan.
doc38	9	Prostituzioarekin erlazionaturko profil sexualak eta bestelako STGen aurrekariak sarriago agertzen dira 2 motatako HGa duten gaixoetan.
doc38	10	Gure ingurunean 1 motatako HSBak eragindako HGa duten gizabanakoen tasa handitu egin da, batez ere emakume gazteetan.
doc38	11	Lortutako informazioa aberasteko, interasgarria izango litzateke populazio orokorrean seroprebalentzia ikerketa bat egitea eta EAEIMSak lagin genitaletan isolatutako 1 motatako HSBaren jakinarazpenak jasotzea.
doc39	1	Rhizarthrosiaren tratamendu kirurgikoa.
doc39	2	Esperientzia pertsonala eta tekniken azterketa konparatua.
doc39	3	Rizartrosis-a edo trapeciometacarpiana artikulazioaren (TMC-aren) artrosia da kontsulta-arrazoi nagusietako bat esku-kirurgia unitatean.
doc39	4	Tratamendu kontserbadorearen porrotaren aurrean, tratamendu kirurgikoa esango dugu.
doc39	5	Aukera terapeutiko desberdinak egon arren, aukera bereizi behar izango da faktore desberdinen (adin, artrosi gradu, eskari funtzionalaren, etab.) arabera.
doc39	7	Kontrolatutako pazienteen adin ertaina 53,89 urteko zen, sexu femeninoaren (% 89,28ren) nagusitasun argiarekin.
doc39	9	11 kasutan artroplastia artroskopikoa (ATK-a) egin zen, 11 pazienterengan trapeciometacarpiana artrodesia (TMC-a) eta 5etan, ligamentoplastia batean.
doc39	10	112 pazienteen, 63 paziente, 19.5 hilabeteko segimendu ertainarekin, kontrolatu ahal izan dira.
doc39	12	Minari buruz, ikuste-eskala analogikoaren (0-10en) arabera balioetsita, hobekuntza 5.62ko, 5.98, izan zen hurrenez hurren 6 eta 6.33 puntu, ebakuntza aurreko egoerari buruz.
doc39	13	Lortutako emaitzek aukera-teknika bezala etenaldi-tartekatzea artroplastia-ren erabilgarritasuna egiaztatzen digute rizartrosis-etako “ohiko” pazientearentzat.
doc40	7	Laguntzako ugalketa tratamenduak arautzen duen legea 14/2006 Legea, maiatzaren 26koa, B.O.E.ean argitaratua da.
doc40	11	Erabaki da cesaretar ehunekoak eta haurdunaldi anitzak altuagoak direla T.R.A.ak lortutako haurdunaldietan haurdunaldi naturaletan baino, eta perinatal emaitzarik okerrenak emakumeak 40 urte baino gehiago dituztenean eta haurdunaldi anitzetan oinarritzen direla.
doc41	1	Nolakoa da Euskadin kanpoko desfibriladore automatikoen banaketa?.
doc41	3	Tramankulu hauek jende ugari dagoen lekuetan kokatzea derrigortu du Espainiako Legeak.
doc41	4	Gaur egun, Euskadin egin den ikerketarekin tramankulu hauen kokapena aztertu nahi dute, Euskadiko probintzia bakoitzeko biztanleriarekin bat etortzen den ikusteko.
doc41	5	Ikerketa egin ondoren, Euskadin 1711 desfibriladore zenbatu dute, baina esan beharra daukagu Bizkaia, Gipuzkoa eta Araba probintzien artean ez dagoela banaketa homogeneorik.
doc42	1	Erradioterapia estereotaxikoa (SBRT) biriketako kartzinoma ez-mikrozitiko (CNMP) lokalizatuan.
doc42	2	Gorputzeko erradioterapia estereotaxikoa (SBRT), estadio goiztiarrean dauden biriketako kartzinoma ez-mikrozitikoetarako (CNMP) tratamendu bezala aldarrikatu da, bereziki erauzketa kirurgikorik onartzen ez duten pazienteentzat eta, agian, kirurgiaren hautabide bezala, egoki hautatzen diren paziente batzuentzat.
doc42	3	Atzera begirako ikerlanen eta saiakuntza klinikoen emaitza ugarik frogatu dute SBRT tratamendu eraginkorra eta segurua dela, eta horren emaitzek erauzketa kirurgikoaren emaitzekin lehiatuko lukete CNMPren estadio goiztiarretan.
doc43	1	Fisioterapeuten rola zaintza intentsiboko/erreanimazio unitaeetan integratutako profesional gisa.
doc43	2	Herrialde garatu gehienetan, fisioterapeutek rol oso garrantzitsua daukate erreanimazio edo zainketa intentsinboetako unitateetako (ZIU) taldeetan.
doc43	4	Halere, Osakidetzan ez da erreanimazio-taldean integratuta dagoen fisioterapeuten rola existitzen momentuz.
doc43	5	Bentilazio Mekanikoa (BM) kentzearen prozezuan fisioterapeuta batek parte hartzeak, mobilizazio azkarren inplementazioarekin batera, BM-aren denbora murriztea eta ZIU unitateetako eta ospitaleratze denbora murriztea ahalbidetzen du, murrizketa hauek dakartzaten ondorio sozial eta ekonomikoekin.
doc43	7	Unitate hauetan dauden gaixoen errehabilitazioak arnas-fisioterapian ezagutza zehatza, komunikazio-ahalmen egokia eta zehaztasun zientifiko handia izatea eskatzen ditu. Ezaugarri hauek kalitate oneko asistentzia ahalbidetzen dute, betiere segurtasun parametroak eta gaixoaren autonomi printzipioak errespetatuz.
doc44	1	1918ko gripearen mikrobiologia: Pfeiffer-en bazilotik A H1N1 birusa berreraiki arte permafrosteko gorpuetan.
doc44	2	1918an gripearen pandemia 100 urte igaro ondoren, espainiar gripea ere deitua, eta SARS-CoV-2 coronabirusak eragindako pandemia biriko berri baten aurrean, beharrezkoa eta puntuala da honen mugarri historiko nagusien analisia egitea.
doc44	3	1918ko gripearen pandemia eragin zuen birusaren azterketak mikrobiologia modernoko istoriorik zirraragarrienetako bat lortu du.
doc44	4	Artikulu honen xedea aurkikuntza, genomaren sekuentziazio osoa eta 1918ko gripearen birusaren berreraikuntza genetikoa ekarri zuen ikerketa lan iraultzailea sakonago ezagutzea da, eta horrek lagun dezake apur bat hobeto ulertzen egungo COVID-19 pandemia.
doc45	1	Espainiar gripea Euskal Herrian eta munduan.
doc45	1	Lehen Mundu Gerraren hasieran, munduko biztanleria 1.825.000.000 zen.
doc45	2	Espainiar gripearen pandemian (1918-1920), munduko biztanleriaren erdia gaixotu egin zen, eta 40 milioi pertsona inguru hil ziren, biztanle guztien %2,5ekoa.
doc45	3	Espainiar gripearen pandemiak 4 milioi biztanle hil zituen Europan, hau da, biztanleria osoaren %1,1.
doc45	4	Hegoaldeko herrialdeek gehiegizko hilkortasun tasa handiagoa zuten (adibidez, Italiak 5,6 heriotza 1000 biztanleko) kontinenteko iparraldeko herrialdeek baino (adibidez, Norvegiak 5.6 heriotza 1000 biztanleko).
doc45	5	Adinaren arabera, biztanle talde kaltetuenak gazte helduak izan ziren.
doc45	6	Pandemiak zituen 4 edo 5 olatuen artean, larriena bigarrena izan zen (1918ko udazkena). Heriotzaren konzentrazioa 1918ko urrian eta azaroan gertatu zen.
doc46	1	Espainiako gripea Bilbon.
doc46	2	Informazio iturri desberdinetatik pandemiaren eta horren ondorioen analisi demografikoa.
doc46	3	Lan honen helburua 1918-1920 espainiar gripearen pandemia Bilbo hirian aztertzea da.
doc46	4	Bizkaiko hiriburuak heriotza-kopuru oso altuak lortzen ditu Espainiar gripearen ondorioz.
doc46	5	Ikuspegi demografiko batetik, pandemiari lotutako hainbat alderdi aztertu dira: alde batetik, garai hartan eskuragarri zeuden informazio iturri desberdinak, Erregistro Zibila eta Bilboko Estatistika Buletina aztertu dira.
doc46	6	Bi iturriek emandako datuak alderatu eta desberdintasunak azaldu dira.
doc46	7	Pandemia aztertzeko hainbat metodologia posible ere aztertu dira: gripearen, neumoniaren eta bronkoneumoniaren ondoriozko heriotza zuzenak aztertzea eta gehiegizko heriotzak aztertzea.
doc46	8	Bestalde, Espainiar gripearen Bizkaiko hiriburuan izandako biztanleriaren ondorioak deskribatu dira, hildakoaren adinaren edo sexuaren araberako maiztasun desberdina edo jaiotze tasa gordinekin duten harreman zuzena nabarmenduz.
doc47	1	1918ko gripe pandemiaren Irungo bigarren olatua prentsan.
doc47	2	Mugako hiria izatearen ondorioz, Irunek bereziki 1918ko gripearen epidemia jasan zuen.
doc47	3	Bereziki bigarren olatua; hau irailean Frantziatik iritsi zen bere ateetara, portugaldar soldaduen eta sasoiko langileen trafiko handiaren eskutik.
doc47	4	Hala ere, tokiko prentsak ez dio garrantzirik ematen gaixotasunari, gutxieneko espazioa eta interes gutxiago duten guneetan heriotzaren gailurra gertatu arte, irailaren 21 eta 22an.
doc47	5	Pandemiak urriaren hasieran jasotzen du arreta gehien.
doc47	7	Deigarria da gripeari buruzko datuak ez egotea eta Irunen izandako eragin larriak ezkutatzea.
doc47	8	Azaroan, borroka soziosanitarioan gehien inplikatutako jendeari eskerrak eman zitzaizkion egindako lanagatik eta ondorioak arintzeko ekimenak aipatzen dira, baina epidemiaren inguruko interesa laster gutxituko da, prentsan Lehen Mundu Gerraren amaieraren berriez baztertuta.
doc48	1	1918ko flu pandemia Bilboko haur biztanlerian.
doc48	2	1918ko Gripearen pandemiak ez zuen populazio osoan berdin eragin.
doc48	3	1918tik 1920ra bitarteko Bilboko Udal Estatistiken Buletinak informazio iturri nagusitzat hartuta, ikerketa epidemiologikoa egin da, pandemia honek haur eta gazteen (0-14 urte bitarteko) heriotza tasa gordinean (TBM) izan zuen aztarna ezagutzeko.
doc48	4	Datuek haurren heriotza tasa nabarmen handitu zela adierazten dute.
doc48	5	1918an soilik, gripearen ondorioz TBMa milako 6,72ra igo zen, milako 0,68koa zelarik 1917an.
doc49	1	Farmazi dispentsazioa Bizkaian espainiar gripearen pandemian.
doc49	2	Aramburu Farmaziaren Museoak 1888ko urtarrilean ireki zenetik erabilitako errezeta liburu guztiak gordetzen ditu.
doc49	3	Hori dela eta, 1918ko espainiako gripea duten gaixoei aplikatutako tratamendu terapeutikoak jarraitu ahal izan ditugu.
doc49	4	Sendagaia jasaten ari den eraldaketaren berri izango dugu, farmazian bertan prestat zen ari denetik, formula magistral edo prestaketa ofizial gisa, Europako edo Ipar Amerikako farmazia laborategietan hasitako fabrikazio industrialera igaroko dena: sendagai espezifikoak edo espezialitate farmazeutikoak.
doc50	1	Arreta soziosanitarioa Bilbon, 1918ko gripearen pandemian.
doc50	2	Bilboko Udalak 1918ko gripearen pandemian burututako ekintzak zehazten dira, garai hartako medikuek eta prentsak ikusi zuten moduan.
doc50	3	Osasuna eta gizarte laguntza nola garatu ziren, baita higiene publikoko neurriak eta janari eta farmaziako hornidurak ere.
doc50	4	Ez da Begoña eta Deustuko daturik biltzen, garai hartan udalerri independienteak baitziren.
doc51	1	Ekonomia eta osasun publikoa Araban, Bizkaian eta Gipuzkoan espainiar gripearen garaian.
doc51	2	Espainiako gripearen pandemiak agerian utzi zituen euskal osasun eta babes sozialeko sistema publikoaren mugak.
doc51	3	Osasun eta babes sozialeko sistema liberalaren gabeziek, pandemiak eragin zuen osasun krisi eta krisi sozialari erantzun integral eta eraginkorra ematea galarazi zuten.
doc51	4	Garaiko testuinguru ekonomikoaren eta osasun eta babes sozialeko sistema publikoaren azterketa egiteaz gain, artikuluaren helburu nagusia, euskal administrazio publikoek pandemiaren aurrean emandako erantzunaren azterketa eta ebaluazioa egitea da.
doc51	5	Analisia, Arabako, Bizkaiko eta Gipuzkoako lurralde agiritegietan bildutako informazio iturrien gainean aplikaturiko aurrekontu-analisian oinarrituko da nagusiki.
doc52	1	Komunikazioak eta itsas garraioa Pandemia garaian.
doc52	2	Testu hau 1918ko pandemia, batez ere 1918ko udazkeneko bigarren olatua, komunikazio sarearekin lotzen saiatzen da.
doc52	3	Itsas komunikazioak ez ezik, garraio sare orokorra ere aztertzen dugu.
doc52	4	Garraiobide desberdinen (itsasontziak, trenbideak ...) trafiko bolumena ez dugu soilik aztertzen.
doc52	5	Analisia momentuko garapen ekonomikoaren eta Lehen Mundu Gerrak Bizkaiko ekonomian eta gizartean izan zituen ondorioen testuinguruan egiten da.
doc53	1	1918-1920ko gripe pandemiaren ikus-ibilbide laburra.
doc53	2	Monografiko hau bisualki osatzeko modu gisa, 1918ko gripearen pandemia harrapatu zuten argazki irudi aukeraketa bat erakusten da.
doc53	3	Gaiari buruzko berrikuspen zehatza egin nahi izan gabe, merezi du adieraztea gure inguru hurbilean bildutako irudi kopurua mugatua dela.
doc53	4	Baita ere ikusi horietako kopuru handi bat, egungo covid-19 pandemiarekin bat eginez, errepikatu egin direla argitalpen ugaritan, garaiko erreferentzia ikonografiko bihurtuz.
doc53	5	Modu berean, urte hauei faltsuki egotzitako beste irudi batzuk ere erraz aurki daitezke.
doc54	1	STOPP-START irizpideen araberako preskripzio desegokia, kronikoa eta beharraren araberakoa, 65 edo gehiago urteko paziente pluripatologikoengan.
doc54	2	Paziente pluripatologikoek, populazio osoaren portzentaje txikia adierazten badute ere, osasun baliabideen eta horretara zuzendutako aurrekontuaren zati garrantzitsu bat kontsumitu egiten dute, polimedikazioa eta horrek dakartzan arazoen ondorioz.
doc54	3	Helburua: STOPP-START irizpideak (2009 eta 2015eko betsioak) eta protoi-ponparen inhibitzaileen (PPI) preskripzio egokiaren gidak erabiliz, preskripzio desegokiaren (PD) proportzioa, ezaugarriak eta bestelako aldagai soziodemografiko eta klinikoen erlazio posibleak aztertzea, osasun-zentro bateko 65 urte edo gehiago duten paziente pluripatologikoengan.
doc54	4	Material eta metodoak: Pluripatologikoen programan sartuta dauden osasun-zentro bateko pazienteen beharren araberako eta preskripzio kroniko desegokiari buruzko zeharkako ikerketa.
doc54	5	Horretarako, Kayserren piramidean oinarritutako konplexutasun indize iragarlea kontuan hartu zen, eta Olleroren irizpideak betetzen ziren, edota azken urtean gutxienez ospitaleratze 1 izan duten paziente berriak gehituz egin zen.
doc54	6	Aldagai osagarri soziodemografiko (generoa, adina), kliniko (Charlson komorbilitate indizea, medikamentuen zenbakia/ezaugarriak) eta funtzionalak (Barthel indizea) kontsideratu ziren baita ere.
doc54	7	Emaitzak: Pazienteen %85ek (4 ohiko farmakorekin edo gehiago) STOPP-START irizpide ≥ 1 izan zuen (2015eko bertsioa) eta PD, PPI kontuan hartuta, %29.1ekoa izan zen.
doc54	8	Pre-balentzia handiko STOPP irizpideak, aldosteronaren antagonistak potasioaren maila handitzen duten beste farmako batzuekin (104ko %11.5), AIEEak bihotz-gutxiegitasunean (%10.6) eta 2 antimuskariniko/antikolinergiko edo gehiago (%8.7).
doc54	9	Gainera, START irizpidea, pneumokokoaren (67ko %37.3) edo gripearen (%23.9) kontrako txertoaren eza.
doc54	10	2009ko irizpideak erabiliz, STOPP arruntenak, AIEEak bihotz-gutxiegitasunean eta bentzodiazepinak (biak, 64ko %17.2) eta bikoiztasunak (%7.8); eta START estatinen eza (23ko %26).
doc54	11	STOPP irizpide bat izatea Barthelen puntuazio okerrago eta medikamentuen zenbaki totalarekin erlazionatu zen (biak p=0.02).
doc54	12	Ondorioak: STOPP-START irizpideak erabilgarriak dira adineko paziente pluripatologikoenganeko PD aztertzeko, altua izaten jarraitzen duena.
doc54	13	Irizpide berriekin (2015), aldaketa kualitatiboa eta PD detektatzeko gaitasun handiagoa ikusi da.
doc55	1	Chagas: azaleratzen ari den gaixotasuna.
doc55	2	Chagas-en gaixotasuna edo tripanosomiasi amerikarra, intsektu bidez transmitizen den eta morbi-mortalitate tasa altuena duen Amerikako gaixotasun parasitarioa da.
doc55	3	Batez ere mugimendu migratorioen eraginez, gaixotasuna eremu ez endemikoetara zabaldu da.
doc55	4	Ikerlan honen helburuak Chagas-en gaixotasunaren ikuspegi gaurkotua ematea eta osasun arazo honen inguruko rekurtsoen kontsumoa aztertzea dira Euskal Autonomia Erkidegoan (EAE).
doc55	5	Ikerketaren diseinua obserbazionala, deskriptiboa eta retrospektiboa izan zen.
doc55	6	Datuak Ospitaleetako Alten Erregistrotik (OAE) lortu ziren.
doc55	7	2010 eta 2015 arteko EAEko ospitaleetako ospitaleratzeak jaso ziren, Chagas-en gaixotasuna diagnostikoa zutelarik.
doc55	8	Ikerketan 104 paziente aztertu ziren, ospitaleratzeak guztira 140 izanda.
doc55	9	Aztertutako aldagaiak honako hauek dira: lehen mailako eta bigarren mailako diagnostikoak, sexua, adina, jaioterria, ospitaleratze probintzia eta ospitaleratze sekzioa.
doc55	10	Diagnostikoari dagokionez, 82k ez dute organo afekzioa, 15ek kardiopatia dute eta 2k kardiopatia eta beste organo baten afekzioa dute.
doc55	11	10 pazienteetan soilik izan zen Chagas-en gaixotasuna lehen mailako diagnostikoa.
doc55	12	31 emakumeen ospitaleratze sekzioa Ginekologia eta Obstetrizia izan zen.
doc55	13	Estatistikoki esanguratsua zen ezberdintasuna aurkitu zen sexuen artean (85 emakume eta 19 gizon).
doc55	14	Ez dago asoziaziorik sexu eta organo afekzioaren artean.
doc55	15	68 pazienteek 30 eta 49 arteko adina zuten.
doc55	16	Bolivia zen 63 pazienteen jaioterria.
doc55	17	Ospitaleratzeen koste totala 761.636 eurokoa da.
doc55	18	Chagas-en gaixotasuna osasun arazo globala da, gure eremuan garrantzi nahikoa hartzen ari dena.
doc55	19	Beraz, asistentzia estrategiak burutu behar dira kasu berriak detektatzeko eta dagoeneko diagnostikatutakoen kontrola eta jarraipena egiteko.
doc56	1	Bizitzaren amaierako arreta espirituala.
doc56	2	Osasun profesionalen parte hartzea.
doc56	3	Artikulu honetan bizitzaren amaierako arreta espirituala aztertuko da, zainketa aringarrien arloan sakonduz.
doc56	4	Arlo espirituala garrantzitsua da biografia osoan zehar, jaiotzetiko eta beharrezkoa dugun bizitzaren zentzuaren bilaketa baita.
doc56	5	Dena den, bereziki garrantzitsua da heriotza hurbil dagonean eta erantzuteko zailak diren galderak azaleratzen direnean.
doc56	6	Helburu nagusia, arreta espiritualak bizitzaren amaieran duen garrantzia azpimarratzea da, baita sufrimendu espirituala ebaluatzeko eta tratatzeko baliabideak ezagutzea ere.
doc56	7	Honako gaien inguruko bilaketa bibliografikoa burutu da datu base zientifikoak erabilita (PubMed, ScienceDirect): heriotza gure gizartean eta medikuntzan, bizitzaren amaierako behar espiritualak, hauek antzemateko tresnak eta azken horien tratamendu egokiak.
doc56	8	Tresna asko garatu dira behar espiritualak antzemateko, ebaluatzeko eta tratatzeko, baina, langileak sentsibilizatu eta hezi behar dira.
doc56	9	Baliabideen artean GESek proposatutako tresna nabarmentzen da.
doc56	10	Arlo espirituala ebaluatzeaz gain, terapeutikoa izan daitekeen galdetegi sinple, labur eta sentikorra da.
doc56	11	Esparru hau lantzea gaixoarentzat onuragarria izango da modu pertsonalizatuan egiten badugu.
doc56	12	Oro har, lan honetan gizartean heriotza prozesua lantzearen beharra azpimarratzen da, honek bizitzaren amaierako arretan eragin zuzena duelako.
doc56	13	Arreta integrala eskaintzeko bizitzaren amaiera azaleratzen diren behar espiritualak kontuan izatea berebizikoa da.
doc56	14	Prozesu honetan heziketa ezinbestekoa da.
doc57	1	Kannabisaren deribatuen balioa sendagarri gisa: Eraginkortasun kliniko potentziala eta arriskuen berrikuspena.
doc57	2	Gaur egun, kalamutik eratorritako produktuen erabilera terapeutikoak eztabaida sutsuak sorrarazten ditu zientzialarien artean eta gizartean oro har.
doc57	3	Medikamentuak erregulatzen dituzten agentziek kannabisaren deribatu sintetiko batzuk onartu dituzte indikazio klinikoetarako, besteak beste, goragaleak eta gorakadak ekiditeko paziente onkologikoengan edo minaren tratamenduan.
doc57	4	Lan honen helburua, gaur egungo ezaguera zientifikoan oinarrituta, kannabisaren deribatuen eraginkortasun klinikoaren eta segurtasunaren berrikuspena egitea da egoera kliniko ezberdinetan (bereziki erlazionatuak minaren tratamenduarekin, minbiziaren oinarrizko tratamenduarekin edo/eta tratamendu laguntzailearekin, baita gaixotasun neurologiko eta psikiatrikoen tratamenduarekin ere).
doc57	5	Gaur egun, aipatutako arlo guztietan, kannabisaren deribatu naturalen edo sintetikoen erabilerari buruzko ikerkuntza klinikoa eskasa da, beraz, sustatzea gomendatzen da, medikamentuak erregulatzen dituzten agentzien arautegiaren araberako kontrolatutako ikerketa klinikoak eginez.
doc57	6	Ikerketa hauek, produktuen segurtasunari eta eraginkortasunari buruzko jakintzan sakontzeaz gain, frogatu beharko lukete zeintzuk diren administrazio-biderik eraginkorrenak produktuak emateko orduan, zeintzuk diren osagai aktiborik egokienak (Delta-9-tetrahidrocannabinola, cannabidiola...), eta zer-nolako ondorio klinikoak izango lirateken beste farmako batzuekin batera hartzean.
doc57	7	Laburbilduz, Kannabisaren deribatuen propietate terapeutikoen gaineko jakintza zientifikoa handitzea guztiz ezinbestekoa da produktuok helburu terapeutikoekin legeztatzeko.
doc58	1	Antibiotikoen kontsumoa Euskadin 2006 eta 2011 artean
doc58	2	Ikerketaren helburua da erabilera sistemikoko antibiotikoen preskripzioaren eboluzioa Euskal Autonomi Erkidegoan (EAE) 2006-2011 aldian.
doc58	4	2006-2011 aldian EAEko farmazia-bulegotan fakturatu dituzten errezeta guztiak aztertu dira.
doc58	6	2006-2011 aldian EAEan dispentsatutako antibiotiko guztien DBEak %1,08 igo dira.
doc58	7	DBEen eboluzioa gorabeheratsua izan da, lehenengo urtean igoera handia izan zuen, lautada batean pasa zuen hurrengo urteak eta ordutik jetxi egin zen.
doc58	8	Penizilina azpi taldea da gehien preskribitzen dena; makrolidoekez dute aldaketarik jasan eta kinolonak igo egin dira.
doc58	9	Emaitzak beste ikerketetan lortutakoen hantza dute, eta azaltzen du gure inguruan antibiotikoak nola erabiltzen diren eta azkeneko urteetan gutxiago preskribitu direla.
doc59	1	Lehen arretako medikuen trebakuntza eta iritzia zaintza paliatiboetan (IKERPAL Ikerketa)
doc59	2	Egun, Zaintza Paliatibo-planak ezartzen ari dira.
doc59	3	Heriotzen %50-89en artean sumatzen da beharrizana.
doc59	4	Helburua: lehen arretako medikuen ezagutzak, prestakuntza, jarrera eta iritzia paliatiboen arloan.
doc59	5	Materiala eta metodoak: bi Erakunde Sanitario Integratuaetako mediku guztiei ikerketa deskriptibo eta transbertsala. (n:242).
doc59	6	Galdera itxietako eta norberak betetako inkesta anonimoa erabili zen.
doc59	7	Aldagaiak: soziodemografikoak.
doc59	8	Ezagutza eta prestakuntzan kudeaketa.
doc59	9	Baliabideetan eta legeetan esperientzia eta ezagutza.
doc59	10	Gehiengoetan Likert eskala erabili zen gutxiengoa 1 izanik eta gehiengoa 5.
doc59	11	Emaitzak: 201 lehen arretako medikuk erantzun zuten (erantzun Gabe: %17), batezbesteko adina 51.9 urte, %68 emakumeak.
doc59	12	Sintoman kudeaketan gaitasuna: mina, nauseak, idorreria, beherakoa, ansietate/depresioa, disnea, insomnioa 4 koa izan zen; anorexia, astenia eta delirioan 3.
doc59	13	Farmakoen ezagutzak: opioideak, ko-analgesikoak, antidepresiboak, antiemetikoak, ansiolitikoak eta laxanteak 4; antipsikotikoak 3.
doc59	14	Larruazalpeko tratamentuak erabiltzeko gaitasuna, familiari pronostikoa azaltzeko eta laguntzeko gaitasuna 4 eta zaintza paliatiboak, behar paliatiboak, pronostikoa pazientearekin jakinarazi eta sedazio paliatiboaren tratamendua 3.
doc59	15	Profesionalak heriotzari aurre egiteko prestakuntza 4 eta plano espiritualean eta emozionalean 3.
doc59	16	Paziente hauekin kontaktua eta konforreko terapia planteatzea %98koa izan zen.
doc59	17	99% familiko medikuen betebeharra zela uste zuen.
doc59	18	Prestakuntza jasotea 3 koa izan zen, maila aurreratuan 58% zelarik eta aurreko 3 urteetan irakurritako artikuluen mediana 3 izan zen.
doc59	19	%97 ak, Paliatiboko Unitaterenbat ezagutzen zuen, ezagunena San Juan de Dios zelarik (%74).
doc59	20	Ezagutza juridikoan bi galderak ondo erantzun zituen %60 eta %80ak.
doc59	21	Ondorioak: Gure inguruko Primariako Medikuak Paliatiboko zaintza haien ardura dela uste dute eta gai sentitzen dira aurrera eramateko.
doc59	22	Antipsikotikoen erabilera, pazientearekin komunikazioa eta legearen ezagutza dituztelarik hobetzeko puntuak.
doc60	1	Neurozistizerkosia: hidrozefaliaren kasua
doc60	2	Zistizerkosia, Taenia solium parasitoak eragindako entitate klinikoa da.
doc61	1	Eutanasia arautzeko Lege Organikoaren Proposamenari buruzko gogoetak. Proposamena Sozialisten Talde Parlamentarioak aurkeztu zuen, eta 2018ko maiatzaren 21ean argitaratu zen Gorte Nagusietako Aldizkari Ofizialean
doc61	2	Gaur egun, eta gure ingurune kulturalean Hiltzeko Asistentzia Medikoari buruzko araudia duten herrialdeetako esperientzia kontuan izanik, egokia iruditzen zaigu, oro har, eutanasia arautzeko Lege Organikoaren Proposamena, Sozialisten Talde Parlamentarioak aurkeztu eta Gorte Nagusietako Aldizkarian maiatzaren 21ean argitaratua.
doc61	3	Era berean, gai honetako zenbait arlo behar bezala jasotzen dituela iruditzen zaigu, beste herrialde batzuetan, bertako araudiak aplikaturik, izan dituzten bezalako arazoak ekiditeko.
doc61	4	Hala ere, adierazi behar dugu zenbait objekzio dugula terminologiari buruz, eta prozedurari buruzko arlo bati buruz ere bai, garrantzitsuak iruditzen zaizkigu eta.
doc62	1	Elikadurako azido butirikoaren garrantzia eta heste-osasuna
doc62	2	Azido butirikoa sei karbono-atomo dauzkan kate motzeko gantz-azido bat da.
doc62	3	Era naturalean dago digestio-traktuan eta bere erabilera nabarmentzen du patologietan hesteitxurakeriarekin.
doc62	4	Colonocito-aren substratu energetiko printzipala da eta sodioko eta koloneko uretako xurgatzea estimulatzen du eta akzio trofikoa aurkezten du heste-zeluletan.
doc62	5	Bere ezaugarriak eta traktu gastrointestinalean aritzen den papera, aspalditik ezagutu dira; hala ere, ikerketa berriek garrantzi handia aurkezten duela frogatu dute.
doc63	1	Tratamendu nutrizionalaren garrantzia elikadura jokabidearen nahasteen unitate ezberdinetan
doc63	2	Elikadura Jokabidearen Nahasteak buruko gaixotasunak diren arren, elikaduraren bidez adierazten dira batez ere.
doc63	3	Azken urteotan, anorexia nerbiosoa eta bulimia nerbiosoa bezalako elikadura jokabidearen nahasteak nolabaiteko kezka piztu duten osasun arazoak direnez, eta haur eta nerabeetan osasunerako dakartzaten arriskuen ondorioz, lehentasunezko gaixotasun bezala sailkatu ditu Munduko Osasun Erakundeak.
doc63	4	Gaixotasun hauen tratamendua koordinatutako disziplina anitzeko taldeen parte-hartze egokian oinarritzen da, non dietista-nutrizionista batek aurrera eramandako tratamendu nutrizionalak berebiziko garrantzia duen.
doc63	5	Tratamendu hau hiru unitate ezberdinetan burutzen da: kanpo kontsulta, eguneko ospitalea eta ospitalizazioa.
doc63	6	Gaixoaren egoeraren araberakoa izango da tratamendua unitate batean edo bestean burutzea.
doc63	7	Baraualdi egoeran dauden edo desnutrizio larria duten pazienteak berrelikaduraren sindromea garatzeko arriskuan daude, eta beraz, dietista-nutrizionistak paziente hauek ezagutu eta arreta bereziaz tratatu beharko ditu.
doc63	8	Dietetika eta nutrizioan adituak diren profesionalak unibertsitatetik gaixotasun hauen tratamenduan hezitzeak paziente hauen bizi-kalitatea eta etorkizuna hobetzea ahalbideratu dezake.
doc64	1	Azazkaletako traumatismoen tratamendua
doc64	2	Azakaletako lesioen tratamendua ezjakina eta gutxietsia izaten da gehienetan larrialdi zerbitzuetan, larritasun gutxikoak izateaz gain, azazkal aparatuaren inguruan ezjakintasun handia dagoelako.
doc64	3	Hala ere, ustezko gaitz “arin” hauek, ondorio funtzional eta estetiko garrantzitsuak sor ditzakete.
doc64	4	Artikulu honen bidez, azakalen anatomia, fisiopatologia eta gaitz ohizkoenen tratamenduari buruz hitz egingo dugu.
doc65	1	Tuberkulosi miliarraren antzeko irudi erradiokogikoaren bidez aurkeztutako birika gaixotasun interstizialei loturiko arnas bronkiolitisa, antigorputz hotzengatiko anemia hemolitikoari lotuta
doc65	2	Birika gaixotasun interstizialei loturiko arnas bronkiolitisa tuberkulosi miliarraren antzeko mikronodulu-irudia aurkez dezakeen gaixotasuna ez-ohikoa da.
doc65	3	Birika biopsia transbronkiala diagnostikorako lagungarria izan daiteke.
doc66	1	Bat-bateko heriotzatik berreskuratutako 9 hilabete ondorengo amaberria
doc66	3	4 dira egiturazko asaldura kardiakorik gabeko bat-bateko heriotzarekin lotu daitezken patologia nagusiak: QT sindrome luzea, QT sindrome motza, Brugada-ren sindromea eta bentrikulu-takikardia katecolaminergikoa.
doc66	4	KDIa (kardioberberritzeko desfibriladore inplantagarria) lehen eta bigarren prebentziorako gailu nagusia da.
doc66	5	Nahiz eta KDIen larrialdien eragina urria izan, erabilera eraginkorra funtsezkoa da pazientearen bilakaera onerako.
doc67	1	Senide-heriotzaren ondorengo sindrome koronario zorrotza
doc67	2	Takotsubo-ren sindromea estresagatik eragindako miocardiopatía bezala ezagutzen da ere.
doc67	6	Sintoma nagusiak min torazikoa (% 75), disnea (% 47) eta sinkopa (% 7) dira.
doc67	7	Gaixotasuna onbera da gehienetan eta epe luzerako iragarpen ona ekarri ohi du.
doc68	1	Sendagaiak atxikitzea
doc68	2	Tratamendua errespetatu edo betetzea sustatu behar da, herrialde garatuetako pertsonen erdiek ez baitituzte botikak behar bezala hartzen edo batere ez dituzte hartzen.
doc68	6	Beti beharrezkoa da esku hartzetan pazienteekin adostea.
doc69	1	Etzanerako edo klinostatikako disnea eta ortopnea
doc69	2	Sarritan ahoz gorako, etzanera edo posizio klinostatikoan agertzen den arnasestuari ortopnea deritzogu, baina naiz eta autoreok hitz ulergarritzat eta onargarritzat hartu, ez da egokia.
doc70	1	Scheuermann-en Gaixotasuna
doc70	2	Scheuermann-en gaixotasuna hiperzifosia eta bizkarrezurreko mina sor ditzakeen patología bat da, nerabezaroan maizago agertzen delarik.
doc70	3	Gaur egun, zergatia ezezaguna da, baina badirudi genetikarekin loturarik badagoela.
doc70	4	Diagnostikoa klinika gehi radiologiaren bidez egiten da: ornoen zapalkuntza eta bizkarraren angulazio zifotikoa dira seinurik ohikoenak.
doc71	1	Charles Bonnet-en sindromea; kasu bat dela eta
doc71	2	Hemen aurkezten duguna 98 urteko paziente bati buruzko kasua da. Kontsultaren arrazoi nagusia ikusmen-haluzinazio konplexuak ziren.
doc71	3	Emakume hau jabetzen zen bere haluzinazioak irrealak zirela, baina gai zen zehatz-mehatz deskribatzeko oso ezaugarri espezifikoak, hala nola, bisualizatutako lagunen aurpegi-adierazpenak eta jantziak.
doc71	5	Endekapen kognitiboaren hasiera ere baztertu genuen, eta Charles Bonneten sindromea (SCB) kontuan hartu, pazientearen ikusmen-urritasun larria zela-eta.
doc71	6	Garrantzitsu deritzogu Lehen Mailako Arretan baloratutako paziente edade aurreratuei buruzko diagnostiko diferentzialetan SCB-a planteatzeari, eta baita diagnostiko horretara heltzeko probak egokitzeari.
doc72	1	Gobernuaren erronka handia Mexikoko osasun publikoan: diabetes nefropatikoaren eragina giltzurrun-gaixotasun kronikokoan
doc72	2	Populazio-zahartzeak, Mellitus Diabetesak eta nefropatia diabetikoak, arazo garrantzitsua izaten jarraitzen dute Mexikoko osasun publikoan.
doc72	6	Hala ere, beste herri batzuetan gertatzen denaren antzeko eran, Mexikon beharrezkoa da teknologian eta berrikuntzan inbertitzea eta diagnostikoan, tratamenduan eta gaixotasun honen monitoretzan sostengatzea baimentzen duten ikerketa|estudio ikasketa genomikoak praktika medikora osatzea.
doc73	1	Kontrastezko ekografia OTA edo ekografian ikusitako zehaztugabeko giltzurrun-lesio kistikoetan
doc73	2	Kontrastezko ekografiaren fidagarritasun diagnostikoa ezagutzea OTA edo ekografia bidez ikusitako zehaztugabeko giltzurrun-lesio kistikoen maneiuan.
doc73	4	Proba osagarri moduan, guztiei kontrastezko ekografia egin zitzaien.
doc73	5	Bosniak sailkapena erabiltzeko parametroak aztertu ziren, lesio onak (Bosniak I, II, IIF) izanik edo txarrak (Bosniak III, IV, lesio solidoak).
doc73	6	Teknika bakoitzarentzako fidagarritasun diagnostikoa kalkulatu zen (sentikortasuna, espezifikotasuna, balore prediktibo positiboa eta negatiboa), esanguratsua p<0’05 izanik.
doc73	8	Ekografiak %60ko sentikortasuna, %80ko espezifikotasuna, %55’4ko balore prediktibo positiboa eta %82’8ko balore prediktibo negatiboa izan zuen.
doc73	9	Kontrastezko ekografiak S %94, E %97’6, BPP %99’5 eta BPN %77’6.
doc73	10	Analisi osagarri modura, kontastezko ekografiako azpitaldeetan, <3zm-koan (n=34), S %100koa izan zen eta E %100koa.
doc73	11	>=3zm-ko azpitaldean (n=24), S %75koa izan zen eta E %95koa, BPP %86’1 izanik eta BPN %90’2koa.
doc73	12	58 zehaztugabeko giltzurrun-lesio kistikoetatik, 41 (%70’1) onak izan ziren eta 17 (%29’3) giltzurrun-tumoreak.
doc73	13	Fase bakarreko OTA edo B moduko ekografian ikusitako zehaztugabeko giltzurrun-lesioetarako kontrastezko ekografia fidagarria eta erabilgarria den teknika da.
doc73	14	Ateratako emaitzak 3 zentimetro baino txikiagoko giltzurrun-lesio kistikoetan etorkizunerako erabilgarriak izan daitezke, paziente hauetan kontrastezko ekografiaren erabilgarritasuna handiagoa izanik, baina azterketa gehiago behar dira.
doc74	1	Bigarren Mundu Gerran zeharreko Amerikako erizaindegi militarraren historia
doc74	2	Zahar, zaurituen eta gaixoen ardura emakumeen betebearra izan da humanitatearen hasieratik.
doc74	3	Historian zehar eboluzio bat egon da bai osasun-gaixotasuna definizioan bai emakumeen arduretan eta egoeran.
doc74	4	Gerrak funtsezko papera izan dute garapen honetan, emakumeen lan asistentziala handituz familiaren ingurumenetik ingurumen militarrera.
doc75	1	Kirurgia plastikoaren hasiera eta garapena Bizkaian (1960-82)
doc76	1	De Quervainen tiroiditisa jatorri ezezagunezko sukarraren kausa bezala
doc76	2	Infekzioak, tumoreak eta hanturazko prozesuak jatorri ezezaguneko sukarreko (JES) kausarik ohikoenak dira.
doc76	3	De Quervainen tiroiditisa sukarrarekin aurkez daiteke, hanturazko sintoma lokalik (goloa) gabe.
doc76	4	44 urteko pazientea, hiru bilakaera-asteko 38oC-a baino gehiagoko sukarra, eztula, otodinia, zefalea eta pisu galerarekin ingresatu zen.
doc76	6	Bost egun pasa eta gero, aurreko min zerbikala, masailezurreko eragozpenak eta taupadak agertu ziren.
doc76	7	Hormona tiroideoko analisia egin zen; TSH gutxituta eta T3 eta T4 gehituak zeuzkan.
doc76	8	Tiroiditis subakutu susmoarekin, gammagrafiaren bitartez egiaztatuta, beta-blokeatzailea eta hanturaren kontrako ez esteroideoa eman zizkioten; pazientea sendatu zen eta hormona tiroideoak bere onera etorri ziren.
doc76	9	Nahiz eta sintoma lokalik gabeko tiroiditis subakutua JES-etako aurkezpen era arrunta ez izan, diagnostiko diferentzialeko prozesuan sartu behar da.
doc77	1	Garezurretik kanpoko erradioterapia estereotaxikoa hezur-metastasietan
doc77	2	Hezur-metastasi mugatua duten paziente onkologikoentzat onuragarri izan daiteke garezurretik kanpoko erradioterapia estereotaxikoaren (SBRT) bidezko tratamendua, horren bidez ohiko erradioterapia bidez baino emaitza hobeak lortzen baitira, eraginkortasun eta tumore-erantzunari dagokienez.
doc77	3	Doitasun handiko erradioterapia-teknika berritzaile horrek albo-ondorio gutxiago dakar, eta erosoago ematen da, tratamendu-saio gutxiago behar izaten delako.
